Dataset,,ba_shapes,ba_shapes,ba_shapes,ba_shapes,ba_shapes,ba_shapes,ba_shapes,ba_shapes,ba_community,ba_community,ba_community,ba_community,ba_community,ba_community,ba_community,ba_community,tree_cycles,tree_cycles,tree_cycles,tree_cycles,tree_cycles,tree_cycles,tree_cycles,tree_cycles,tree_grid,tree_grid,tree_grid,tree_grid,tree_grid,tree_grid,tree_grid,tree_grid
Metric,,accuracy,auroc,iou,fid+,fid-,unfaithfulness,characterization_score,inference_time,accuracy,auroc,iou,fid+,fid-,unfaithfulness,characterization_score,inference_time,accuracy,auroc,iou,fid+,fid-,unfaithfulness,characterization_score,inference_time,accuracy,auroc,iou,fid+,fid-,unfaithfulness,characterization_score,inference_time
Explainer,Model,,,,,,,,,,,,,,,,,,,,,,,,,,,,,,,,
ciexplainer,gcn,0.3804525011884315,0.7298549307244164,0.5477688,0.0,0.0,0.5083710413074143,0.0,0.08972671486082531,0.10670869255083658,0.5808714311747324,0.19659857,0.0,0.0,0.9155373588821373,0.0,3.7957357974279495,0.6806462679590498,0.8397340774536133,0.9061688,0.0,0.0,0.0,0.0,0.03630527087620326,0.8807549092867603,0.6808725113738073,0.9250562,0.0,0.0,0.0,0.0,0.038662903929409916
ciexplainer,graphsage,0.3804525011884315,0.8287220994631449,0.6624404,0.0,0.0,0.8382805064996189,0.0,0.055328266961233954,0.10670869255083658,0.594087170348281,0.21798845,0.0,0.0,0.8690133891622585,0.0,2.2621659869239443,0.6806462679590498,0.8273531249591283,0.8898423,0.05714285714285714,0.0,0.0,0.10810810810810811,0.02244194575718471,0.879232839362262,0.6731099551671171,0.9269658,0.0,0.0,0.0,0.0,0.023584124160139528
ciexplainer,gat,0.3804525011884315,0.7839720121451786,0.5722454,0.0,0.0,0.6872034577120628,0.0,0.1243236746106829,0.10670869255083658,0.5795040945212047,0.18707299,0.0,0.0,0.754998534217122,0.0,5.072517846879505,0.6806462679590498,0.7548134446144104,0.8222686,0.0,0.0,0.0,0.0,0.047104597091674805,0.8807549092867603,0.6574472687015794,0.91222644,0.0136986301369863,0.0,0.0,0.02702702702702703,0.04946678305325443
ciexplainer,gin,0.3804525011884315,0.7621630934022722,0.54755294,0.0,0.0,0.6769159817687593,0.0,0.055523503394353954,0.1066440805438019,0.5684057482651301,0.18311648,0.0,0.0,0.8093942270904774,0.0,2.2842688855670747,0.6711224572999137,0.8294248640537262,0.88695115,0.37142857142857144,0.02857142857142857,0.0,0.5373860182370821,0.022929395948137556,0.7769489451630475,0.6812566861714402,0.87858224,0.7671232876712328,0.0,0.0,0.8682170542635658,0.024070125736602364
