Dataset,,ba_2motif,ba_2motif,ba_2motif,ba_2motif,ba_2motif,ba_2motif,ba_2motif,ba_2motif,mutag,mutag,mutag,mutag,mutag,mutag,mutag,mutag
Metric,,accuracy,auroc,iou,fid+,fid-,unfaithfulness,characterization_score,inference_time,accuracy,auroc,iou,fid+,fid-,unfaithfulness,characterization_score,inference_time
Explainer,Model,,,,,,,,,,,,,,,,
ciexplainer,gcn,0.20000000298023224,0.48924999833106997,0.15583333,0.0,0.0,0.0,0.0,0.09358596563339233,0.4077795724950585,0.41896117785397696,0.09325765,0.0,0.0,0.0,0.0,0.04992213436201507
ciexplainer,graphsage,0.20000000298023224,0.5684999948740006,0.25603175,0.0,0.0,0.0,0.0,0.0573032808303833,0.41128097313876244,0.3978571696024315,0.08455774,0.0,0.0,0.0,0.0,0.03008430144366096
ciexplainer,gat,0.20000000298023224,0.5079499953985214,0.1761111,0.0,0.0,0.0,0.0,0.12259614706039429,0.41128097313876244,0.40684999116495546,0.0891161,0.0,0.0,0.0,0.0,0.06598583389731015
ciexplainer,gin,0.20000000298023224,0.56269999563694,0.25587302,0.0,0.0,0.0,0.0,0.05822169780731201,0.41128097313876244,0.3901153642172907,0.08124487,0.0,0.0,0.0,0.0,0.030106497745887906
