Dataset,,ba_2motif,ba_2motif,ba_2motif,ba_2motif,ba_2motif,ba_2motif,ba_2motif,ba_2motif,mutag,mutag,mutag,mutag,mutag,mutag,mutag,mutag
Metric,,accuracy,auroc,iou,fid+,fid-,unfaithfulness,characterization_score,inference_time,accuracy,auroc,iou,fid+,fid-,unfaithfulness,characterization_score,inference_time
Explainer,Model,,,,,,,,,,,,,,,,
ciexplainer,gcn,0.20000000298023224,0.4731499934196472,0.10611112,0.0,0.0,0.0,0.0,0.10250912427902222,0.41128097313876244,0.4133157993064207,0.09246266,0.0,0.0,0.0,0.0,0.049631289407318716
ciexplainer,graphsage,0.20000000298023224,0.5214499986171722,0.1954762,0.0,0.0,0.0,0.0,0.05784071207046509,0.41128097313876244,0.39324168597950654,0.08292375,0.0,0.0,0.0,0.0,0.02985706750084372
ciexplainer,gat,0.20000000298023224,0.4947000002861023,0.16678572,0.0,0.0,0.0,0.0,0.12266209125518798,0.41128097313876244,0.41695932868648977,0.09453534,0.0,0.0,0.0,0.0,0.06418220435871798
ciexplainer,gin,0.20000000298023224,0.5103499978780747,0.18309523,0.0,0.0,0.0,0.0,0.05758147954940796,0.41128097313876244,0.3948218056968614,0.08392928,0.0,0.0,0.0,0.0,0.030125080370435528
