Dataset,,ba_shapes,ba_shapes,ba_shapes,ba_shapes,ba_shapes,ba_shapes,ba_shapes,ba_shapes,ba_community,ba_community,ba_community,ba_community,ba_community,ba_community,ba_community,ba_community,tree_cycles,tree_cycles,tree_cycles,tree_cycles,tree_cycles,tree_cycles,tree_cycles,tree_cycles,tree_grid,tree_grid,tree_grid,tree_grid,tree_grid,tree_grid,tree_grid,tree_grid
Metric,,accuracy,auroc,iou,fid+,fid-,unfaithfulness,characterization_score,inference_time,accuracy,auroc,iou,fid+,fid-,unfaithfulness,characterization_score,inference_time,accuracy,auroc,iou,fid+,fid-,unfaithfulness,characterization_score,inference_time,accuracy,auroc,iou,fid+,fid-,unfaithfulness,characterization_score,inference_time
Explainer,Model,,,,,,,,,,,,,,,,,,,,,,,,,,,,,,,,
ciexplainer,gcn,0.3804525011884315,0.7409402103651137,0.5338893,0.0,0.0,0.4934804277450201,0.0,0.09481625329880487,0.10670869255083658,0.5829815089702606,0.20703213,0.0,0.0,0.8953692486196734,0.0,3.967087613968622,0.6806462679590498,0.8304143496922084,0.8883117,0.0,0.0,0.0,0.0,0.03616844585963658,0.8807549092867603,0.6654694823369588,0.9092682,0.0,0.0,0.0,0.0,0.037903805301614
ciexplainer,graphsage,0.3804525011884315,0.84673391637348,0.70509434,0.0,0.0,0.7715783496260028,0.0,0.057133606501988,0.10670869255083658,0.5973734191485813,0.20858458,0.0,0.0,0.875337853082428,0.0,2.340150987534296,0.6806462679590498,0.8460832834243774,0.91433215,0.05714285714285714,0.0,0.0,0.10810810810810811,0.02213491031101772,0.8807549092867603,0.6753872077758998,0.9258357,0.0,0.0,0.0,0.0,0.024515400194141963
ciexplainer,gat,0.3804525011884315,0.7409830299161729,0.53054094,0.0,0.0,0.7633753318694376,0.0,0.12888264088403611,0.10670869255083658,0.5758563475949424,0.18089694,0.0,0.0,0.7584431211308886,0.0,5.281000135058449,0.6806462679590498,0.7688950802598681,0.8383271,0.0,0.0,0.0,0.0,0.04680918284824916,0.8807549092867603,0.6746769073891313,0.9287,0.0136986301369863,0.0,0.0,0.02702702702702703,0.05076286564134572
ciexplainer,gin,0.3804525011884315,0.7975080673183713,0.6252405,0.0,0.0,0.5695576344206486,0.0,0.05820139249165853,0.1065702525632722,0.5896477509112585,0.20879848,0.0,0.0,0.7791346749762602,0.0,2.287859433037894,0.6758843626294817,0.8523191145488194,0.9243661,0.37142857142857144,0.0,0.0,0.5416666666666667,0.022775704520089285,0.7720860397979005,0.6777020178429068,0.8731409,0.7534246575342466,0.0,0.0,0.859375,0.024097243400469218
