Dataset,,ba_2motif,ba_2motif,ba_2motif,ba_2motif,ba_2motif,ba_2motif,ba_2motif,ba_2motif,mutag,mutag,mutag,mutag,mutag,mutag,mutag,mutag
Metric,,accuracy,auroc,iou,fid+,fid-,unfaithfulness,characterization_score,inference_time,accuracy,auroc,iou,fid+,fid-,unfaithfulness,characterization_score,inference_time
Explainer,Model,,,,,,,,,,,,,,,,
ciexplainer,gcn,0.20000000298023224,0.5231999957561493,0.20964287,0.0,0.0,0.0,0.0,0.094060378074646,0.4051298640814482,0.40010081319247975,0.08587631,0.0,0.0,0.0,0.0,0.04976969840479832
ciexplainer,graphsage,0.20000000298023224,0.5238999980688095,0.20373017,0.0,0.0,0.0,0.0,0.056942789554595946,0.41128097313876244,0.39545923997374144,0.08479116,0.0,0.0,0.0,0.0,0.03000810800814161
ciexplainer,gat,0.20000000298023224,0.5045500004291534,0.17571428,0.0,0.0,0.0,0.0,0.12390323638916016,0.41128097313876244,0.41670560193996803,0.09240658,0.0,0.0,0.0,0.0,0.06613278388977051
ciexplainer,gin,0.20000000298023224,0.5848999977111816,0.28670636,0.0,0.0,0.0,0.0,0.05771903991699219,0.41128097313876244,0.3933135095764609,0.08292375,0.0,0.0,0.0,0.0,0.030594879505681058
