Dataset,,ba_2motif,ba_2motif,ba_2motif,ba_2motif,ba_2motif,ba_2motif,ba_2motif,ba_2motif,mutag,mutag,mutag,mutag,mutag,mutag,mutag,mutag
Metric,,accuracy,auroc,iou,fid+,fid-,unfaithfulness,characterization_score,inference_time,accuracy,auroc,iou,fid+,fid-,unfaithfulness,characterization_score,inference_time
Explainer,Model,,,,,,,,,,,,,,,,
ciexplainer,gcn,0.20000000298023224,0.475100000500679,0.13178572,0.0,0.0,0.0,0.0,0.09468834400177002,0.41128097313876244,0.4034523373725368,0.08668139,0.0,0.0,0.0,0.0,0.04953867080164891
ciexplainer,graphsage,0.20000000298023224,0.5408999961614609,0.21873017,0.0,0.0,0.0,0.0,0.05773050785064697,0.41128097313876244,0.39914101537536173,0.085864924,0.0,0.0,0.0,0.0,0.029836689724641687
ciexplainer,gat,0.20000000298023224,0.5075499957799912,0.16710317,0.0,0.0,0.0,0.0,0.12306603908538818,0.41128097313876244,0.4038802817756054,0.087508105,0.0,0.0,0.0,0.0,0.06624071504555497
ciexplainer,gin,0.20000000298023224,0.5270999974012375,0.20404762,0.0,0.0,0.0,0.0,0.058233208656311035,0.41128097313876244,0.39437490321841895,0.08392928,0.0,0.0,0.0,0.0,0.030402255993263395
