Dataset,,ba_shapes,ba_shapes,ba_shapes,ba_shapes,ba_shapes,ba_shapes,ba_shapes,ba_shapes,ba_community,ba_community,ba_community,ba_community,ba_community,ba_community,ba_community,ba_community,tree_cycles,tree_cycles,tree_cycles,tree_cycles,tree_cycles,tree_cycles,tree_cycles,tree_cycles,tree_grid,tree_grid,tree_grid,tree_grid,tree_grid,tree_grid,tree_grid,tree_grid
Metric,,accuracy,auroc,iou,fid+,fid-,unfaithfulness,characterization_score,inference_time,accuracy,auroc,iou,fid+,fid-,unfaithfulness,characterization_score,inference_time,accuracy,auroc,iou,fid+,fid-,unfaithfulness,characterization_score,inference_time,accuracy,auroc,iou,fid+,fid-,unfaithfulness,characterization_score,inference_time
Explainer,Model,,,,,,,,,,,,,,,,,,,,,,,,,,,,,,,,
ciexplainer,gcn,0.3804525011884315,0.7798655728499094,0.5945312,0.0,0.0,0.6120049637441601,0.0,0.08752314817337763,0.10670869255083658,0.5878193229436874,0.2067746,0.0,0.0,0.912833084106968,0.0,3.639516937165033,0.6806462679590498,0.8190197893551417,0.86875385,0.0,0.0,0.0,0.0,0.03500472477504185,0.8807549092867603,0.6806716420879103,0.9260709,0.0,0.0,0.0,0.0,0.03649980074738803
ciexplainer,graphsage,0.3804525011884315,0.8799654004119691,0.72859204,0.0,0.0,0.7088805193954093,0.0,0.053721444947378974,0.10670869255083658,0.5765964161782038,0.19116102,0.0,0.0,0.8875245508759517,0.0,2.192349456605457,0.6806462679590498,0.8202102678162712,0.8837198,0.17142857142857143,0.0,0.0,0.29268292682926833,0.021632732663835797,0.8807549092867603,0.6802958821597165,0.93405473,0.0,0.0,0.0,0.0,0.022663848040855094
ciexplainer,gat,0.3804525011884315,0.7325415646746045,0.52550423,0.0,0.0,0.7436616427398154,0.0,0.11511049384162539,0.10670869255083658,0.5676942460593724,0.17608674,0.0,0.0,0.7572642579319931,0.0,4.873828065963019,0.6806462679590498,0.7912079998425074,0.8372913,0.0,0.0,0.0,0.0,0.045411266599382674,0.8807549092867603,0.6673582873932303,0.91898626,0.0,0.0,0.0,0.0,0.04786181449890137
ciexplainer,gin,0.3804525011884315,0.7480504704373223,0.5917852,0.0,0.0,0.6187678884917183,0.0,0.053993577048892065,0.1065702525632722,0.6063000835123517,0.22634858,0.0,0.0,0.7531552121195862,0.0,2.2144909699757895,0.6758843626294817,0.8493429235049657,0.91620284,0.2857142857142857,0.0,0.0,0.4444444444444444,0.022076899664742605,0.7640818667738405,0.6742963848048693,0.8603935,0.7397260273972602,0.0,0.0,0.8503937007874015,0.023151191946578352
