Dataset,,ba_2motif,ba_2motif,ba_2motif,ba_2motif,ba_2motif,ba_2motif,ba_2motif,ba_2motif,mutag,mutag,mutag,mutag,mutag,mutag,mutag,mutag
Metric,,accuracy,auroc,iou,fid+,fid-,unfaithfulness,characterization_score,inference_time,accuracy,auroc,iou,fid+,fid-,unfaithfulness,characterization_score,inference_time
Explainer,Model,,,,,,,,,,,,,,,,
ciexplainer,gcn,0.20000000298023224,0.4692499989271164,0.1275397,0.0,0.0,0.0,0.0,0.09480038642883301,0.41128097313876244,0.4063153106207941,0.08693445,0.0,0.0,0.0,0.0,0.04959739657009349
ciexplainer,graphsage,0.20000000298023224,0.5559999966621398,0.23710318,0.0,0.0,0.0,0.0,0.05803235769271851,0.41128097313876244,0.397045480854371,0.084602624,0.0,0.0,0.0,0.0,0.029803002581876868
ciexplainer,gat,0.20000000298023224,0.482649998664856,0.13293651,0.0,0.0,0.0,0.0,0.12503612279891968,0.41128097313876244,0.40641944519445006,0.089265175,0.0,0.0,0.0,0.0,0.06442526041292677
ciexplainer,gin,0.20000000298023224,0.5368500000238419,0.22968253,0.0,0.0,0.0,0.0,0.05823366403579712,0.41128097313876244,0.3910580490734063,0.08210676,0.0,0.0,0.0,0.0,0.030008414212395165
