Dataset,,ba_shapes,ba_shapes,ba_shapes,ba_shapes,ba_shapes,ba_shapes,ba_shapes,ba_shapes,ba_community,ba_community,ba_community,ba_community,ba_community,ba_community,ba_community,ba_community,tree_cycles,tree_cycles,tree_cycles,tree_cycles,tree_cycles,tree_cycles,tree_cycles,tree_cycles,tree_grid,tree_grid,tree_grid,tree_grid,tree_grid,tree_grid,tree_grid,tree_grid
Metric,,accuracy,auroc,iou,fid+,fid-,unfaithfulness,characterization_score,inference_time,accuracy,auroc,iou,fid+,fid-,unfaithfulness,characterization_score,inference_time,accuracy,auroc,iou,fid+,fid-,unfaithfulness,characterization_score,inference_time,accuracy,auroc,iou,fid+,fid-,unfaithfulness,characterization_score,inference_time
Explainer,Model,,,,,,,,,,,,,,,,,,,,,,,,,,,,,,,,
ciexplainer,gcn,0.3804525011884315,0.7727600243829545,0.58955824,0.0,0.0,0.5372901168718401,0.0,0.08943087146395728,0.10670869255083658,0.5948992519151597,0.21542236,0.0,0.0,0.8803357748253504,0.0,3.8087105546678814,0.6806462679590498,0.8332714932305473,0.896475,0.0,0.0,0.0,0.0,0.03750966617039272,0.8807549092867603,0.6837723720563601,0.9354893,0.0,0.0,0.0,0.0,0.03923953722601067
ciexplainer,graphsage,0.3804525011884315,0.8723783776873634,0.75264555,0.0,0.0,0.8129441478238548,0.0,0.05423378944396973,0.10670869255083658,0.6009879552182698,0.21701124,0.0,0.0,0.874992575115279,0.0,2.272267098653884,0.6806462679590498,0.8178293117455073,0.8769172,0.08571428571428572,0.0,0.0,0.15789473684210528,0.023266444887433735,0.8807549092867603,0.6735734041423014,0.9309415,0.0,0.0,0.0,0.0,0.024334055103667793
ciexplainer,gat,0.3804525011884315,0.6793718118043173,0.4350248,0.0,0.0,0.765895761749042,0.0,0.11760943276541573,0.10670869255083658,0.5703151617731367,0.18005788,0.0,0.0,0.757541913053553,0.0,5.294167977287656,0.6806462679590498,0.7717692238943917,0.81933624,0.0,0.0,0.0,0.0,0.04899090358189174,0.8807549092867603,0.6467451093948051,0.9116519,0.0136986301369863,0.0,0.0,0.02702702702702703,0.052015895712865544
ciexplainer,gin,0.3804525011884315,0.8026172660645985,0.6257356,0.0,0.0,0.6281097437024399,0.0,0.05734359082721528,0.1065702525632722,0.5944593531744821,0.20907475,0.0,0.0,0.7806483923236721,0.0,2.3903315816606794,0.6758843626294817,0.8523191145488194,0.9243661,0.4,0.0,0.0,0.5714285714285714,0.02393617630004883,0.7697952144766507,0.6769283013801052,0.8704011,0.6986301369863014,0.0,0.0,0.8225806451612903,0.02533381605801517
