Dataset,,ba_shapes,ba_shapes,ba_shapes,ba_shapes,ba_shapes,ba_shapes,ba_shapes,ba_shapes,ba_community,ba_community,ba_community,ba_community,ba_community,ba_community,ba_community,ba_community,tree_cycles,tree_cycles,tree_cycles,tree_cycles,tree_cycles,tree_cycles,tree_cycles,tree_cycles,tree_grid,tree_grid,tree_grid,tree_grid,tree_grid,tree_grid,tree_grid,tree_grid
Metric,,accuracy,auroc,iou,fid+,fid-,unfaithfulness,characterization_score,inference_time,accuracy,auroc,iou,fid+,fid-,unfaithfulness,characterization_score,inference_time,accuracy,auroc,iou,fid+,fid-,unfaithfulness,characterization_score,inference_time,accuracy,auroc,iou,fid+,fid-,unfaithfulness,characterization_score,inference_time
Explainer,Model,,,,,,,,,,,,,,,,,,,,,,,,,,,,,,,,
ciexplainer,gcn,0.3804525011884315,0.772974071758134,0.5705782,0.0,0.0,0.5279565196286577,0.0,0.09396835735866002,0.10670869255083658,0.5759216328461965,0.1947399,0.0,0.0,0.9154022337477559,0.0,4.087869230906168,0.6806462679590498,0.8197340777942113,0.881679,0.0,0.0,0.0,0.0,0.03963452747889928,0.8807549092867603,0.682109193442619,0.9253053,0.0,0.0,0.0,0.0,0.04007761445763993
ciexplainer,graphsage,0.3804525011884315,0.8766677649248213,0.7358088,0.047619047619047616,0.0,0.8273692877622645,0.09090909090909091,0.05694188390459333,0.10670869255083658,0.5882759068693434,0.19166073,0.0,0.0,0.8815345762085816,0.0,2.418580877213251,0.6806462679590498,0.8367578881127494,0.9061689,0.0,0.0,0.0,0.0,0.02388500486101423,0.8807549092867603,0.6737636638014284,0.9127598,0.0,0.0,0.0,0.0,0.025140236501824367
ciexplainer,gat,0.3804525011884315,0.774463027715683,0.55773664,0.0,0.0,0.6539402202747407,0.0,0.12245356468927293,0.10670869255083658,0.5746286556834266,0.18153106,0.0,0.0,0.753890089276025,0.0,5.428637136731829,0.6806462679590498,0.7152953037193843,0.79602146,0.0,0.0,0.0,0.0,0.050087629045758926,0.8807549092867603,0.6489724945532133,0.9047958,0.0136986301369863,0.0,0.0,0.02702702702702703,0.055954436733298106
ciexplainer,gin,0.3804525011884315,0.7826406870569501,0.58794343,0.0,0.0,0.6982059560169942,0.0,0.0581589937210083,0.1065702525632722,0.5719745278358459,0.17901327,0.0,0.0,0.7752250617053908,0.0,2.430927510488601,0.6758843626294817,0.8494619710104806,0.91620284,0.4857142857142857,0.02857142857142857,0.0,0.6476190476190475,0.024230684552873884,0.7678269017232607,0.6769409841054106,0.85921395,0.7123287671232876,0.0,0.0,0.8319999999999999,0.0255654707346877
