Dataset,,ba_shapes,ba_shapes,ba_shapes,ba_shapes,ba_shapes,ba_shapes,ba_shapes,ba_shapes,ba_community,ba_community,ba_community,ba_community,ba_community,ba_community,ba_community,ba_community,tree_cycles,tree_cycles,tree_cycles,tree_cycles,tree_cycles,tree_cycles,tree_cycles,tree_cycles,tree_grid,tree_grid,tree_grid,tree_grid,tree_grid,tree_grid,tree_grid,tree_grid
Metric,,accuracy,auroc,iou,fid+,fid-,unfaithfulness,characterization_score,inference_time,accuracy,auroc,iou,fid+,fid-,unfaithfulness,characterization_score,inference_time,accuracy,auroc,iou,fid+,fid-,unfaithfulness,characterization_score,inference_time,accuracy,auroc,iou,fid+,fid-,unfaithfulness,characterization_score,inference_time
Explainer,Model,,,,,,,,,,,,,,,,,,,,,,,,,,,,,,,,
ciexplainer,gcn,0.3804525011884315,0.7360275309710276,0.51901925,0.0,0.0,0.6661785435280763,0.0,0.08693334034511022,0.10670869255083658,0.5591636797501928,0.18544273,0.0,0.0,0.9032779445710519,0.0,3.645328801018851,0.6806462679590498,0.8434245535305568,0.9061688,0.0,0.0,0.0,0.0,0.03509739467075893,0.8807549092867603,0.6834790575994204,0.93100613,0.0,0.0,0.0,0.0,0.03698028277044427
ciexplainer,graphsage,0.3804525011884315,0.865557264714014,0.7244932,0.023809523809523808,0.0,0.8607354482845396,0.046511627906976744,0.05441448802039737,0.10670869255083658,0.5965269116418702,0.21976171,0.0,0.0,0.8718247108893116,0.0,2.186121581849598,0.6806462679590498,0.8062136675630297,0.8626314,0.11428571428571428,0.0,0.0,0.20512820512820512,0.02184623990740095,0.8807549092867603,0.6626457249465054,0.9226347,0.0,0.0,0.0,0.0,0.022822135115323
ciexplainer,gat,0.3804525011884315,0.7470206533159528,0.51416636,0.0,0.0,0.7391332634281189,0.0,0.1148835817972819,0.10670869255083658,0.5693813040142968,0.16831638,0.0,0.0,0.7502241158569675,0.0,4.881452885128203,0.6806462679590498,0.8029540291854314,0.8540713,0.0,0.0,0.0,0.0,0.0457704952784947,0.8807549092867603,0.6728816456990699,0.93359363,0.0,0.0,0.0,0.0,0.048043495988192624
ciexplainer,gin,0.3804525011884315,0.7550148275636491,0.5560374,0.0,0.0,0.6346057856784942,0.0,0.05442590372903006,0.10662931494769595,0.5883502281847455,0.19910973,0.0,0.0,0.7973093241289673,0.0,2.2220685141427174,0.6806462679590498,0.8523191145488194,0.92912805,0.4,0.02857142857142857,0.0,0.5666666666666667,0.022303799220493862,0.771507544876778,0.6807801323394252,0.87334204,0.7534246575342466,0.0,0.0,0.859375,0.023317454612418395
