Dataset,,ba_shapes,ba_shapes,ba_shapes,ba_shapes,ba_shapes,ba_shapes,ba_shapes,ba_shapes,ba_community,ba_community,ba_community,ba_community,ba_community,ba_community,ba_community,ba_community,tree_cycles,tree_cycles,tree_cycles,tree_cycles,tree_cycles,tree_cycles,tree_cycles,tree_cycles,tree_grid,tree_grid,tree_grid,tree_grid,tree_grid,tree_grid,tree_grid,tree_grid
Metric,,accuracy,auroc,iou,fid+,fid-,unfaithfulness,characterization_score,inference_time,accuracy,auroc,iou,fid+,fid-,unfaithfulness,characterization_score,inference_time,accuracy,auroc,iou,fid+,fid-,unfaithfulness,characterization_score,inference_time,accuracy,auroc,iou,fid+,fid-,unfaithfulness,characterization_score,inference_time
Explainer,Model,,,,,,,,,,,,,,,,,,,,,,,,,,,,,,,,
ciexplainer,gcn,0.3804525011884315,0.8113753511792138,0.65561223,0.0,0.0,0.443140932846637,0.0,0.0871917690549578,0.10670869255083658,0.5793618741489592,0.19557923,0.0,0.0,0.9101242159207346,0.0,3.655242079780215,0.6806462679590498,0.8367635556629726,0.89647496,0.0,0.0,0.0,0.0,0.03496410506112235,0.8807549092867603,0.6764272875981788,0.92885214,0.0,0.0,0.0,0.0,0.036655964916699556
ciexplainer,graphsage,0.3804525011884315,0.8981602504139855,0.793887,0.023809523809523808,0.0,0.7964679263217953,0.046511627906976744,0.05353102229890369,0.10670869255083658,0.5815477217946734,0.19747414,0.0,0.0,0.8830170460064221,0.0,2.1952041308085124,0.6806462679590498,0.8235436047826494,0.88371986,0.02857142857142857,0.0,0.0,0.05555555555555555,0.02256857327052525,0.8807549092867603,0.6733002148262442,0.9303557,0.0,0.0,0.0,0.0,0.02283717834786193
ciexplainer,gat,0.3804525011884315,0.7505493185349873,0.5762798,0.0,0.0,0.7324269984715751,0.0,0.11804233846210298,0.10670869255083658,0.5884468197822571,0.19700631,0.0,0.0,0.7267060183764745,0.0,4.896791285560244,0.6806462679590498,0.7634642311504909,0.8142908,0.0,0.0,0.0,0.0,0.045970215116228376,0.8807549092867603,0.6571459231311327,0.91926783,0.0273972602739726,0.0,0.0,0.05333333333333334,0.05012912946204617
ciexplainer,gin,0.3804525011884315,0.7382498936993735,0.5535337,0.0,0.0,0.6546429754806093,0.0,0.05407295908246722,0.1065702525632722,0.5834710802350725,0.18359727,0.0,0.0,0.779703593514814,0.0,2.2216719037010555,0.6758843626294817,0.8444959827831813,0.9095702,0.37142857142857144,0.0,0.0,0.5416666666666667,0.02215449469430106,0.763944295171189,0.6758334048806804,0.8588823,0.7671232876712328,0.0,0.0,0.8682170542635658,0.02338170352047437
