Dataset,,ba_2motif,ba_2motif,ba_2motif,ba_2motif,ba_2motif,ba_2motif,ba_2motif,ba_2motif,mutag,mutag,mutag,mutag,mutag,mutag,mutag,mutag
Metric,,accuracy,auroc,iou,fid+,fid-,unfaithfulness,characterization_score,inference_time,accuracy,auroc,iou,fid+,fid-,unfaithfulness,characterization_score,inference_time
Explainer,Model,,,,,,,,,,,,,,,,
ciexplainer,gcn,0.20000000298023224,0.47324999690055847,0.13575397,0.0,0.0,0.0,0.0,0.0941203236579895,0.4077795724950585,0.41303810009769365,0.0907115,0.0,0.0,0.0,0.0,0.050385786037819055
ciexplainer,graphsage,0.20000000298023224,0.5292499989271164,0.20174603,0.0,0.0,0.0,0.0,0.05715583801269531,0.41128097313876244,0.3952045928613812,0.08374074,0.0,0.0,0.0,0.0,0.03006937223322251
ciexplainer,gat,0.20000000298023224,0.5041499996185302,0.16190477,0.0,0.0,0.0,0.0,0.1247546410560608,0.41128097313876244,0.4113919711580463,0.09069479,0.0,0.0,0.0,0.0,0.06524864131329107
ciexplainer,gin,0.20000000298023224,0.562499994635582,0.25944445,0.0,0.0,0.0,0.0,0.05833127975463867,0.41128097313876244,0.39486370279508476,0.08392928,0.0,0.0,0.0,0.0,0.030086917035719928
