Dataset,,ba_shapes,ba_shapes,ba_shapes,ba_shapes,ba_shapes,ba_shapes,ba_shapes,ba_shapes,ba_community,ba_community,ba_community,ba_community,ba_community,ba_community,ba_community,ba_community,tree_cycles,tree_cycles,tree_cycles,tree_cycles,tree_cycles,tree_cycles,tree_cycles,tree_cycles,tree_grid,tree_grid,tree_grid,tree_grid,tree_grid,tree_grid,tree_grid,tree_grid
Metric,,accuracy,auroc,iou,fid+,fid-,unfaithfulness,characterization_score,inference_time,accuracy,auroc,iou,fid+,fid-,unfaithfulness,characterization_score,inference_time,accuracy,auroc,iou,fid+,fid-,unfaithfulness,characterization_score,inference_time,accuracy,auroc,iou,fid+,fid-,unfaithfulness,characterization_score,inference_time
Explainer,Model,,,,,,,,,,,,,,,,,,,,,,,,,,,,,,,,
ciexplainer,gcn,0.3804525011884315,0.8032002037479764,0.65792704,0.0,0.0,0.5767709801439196,0.0,0.08759860197703044,0.10670869255083658,0.5912196332500095,0.21101934,0.0,0.0,0.898266098894818,0.0,3.648448471795945,0.6806462679590498,0.8386626482009888,0.89800555,0.0,0.0,0.0,0.0,0.03474640165056501,0.8807549092867603,0.6835456474186623,0.93579376,0.0,0.0,0.0,0.0,0.03663943891655909
ciexplainer,graphsage,0.3804525011884315,0.8301699381499064,0.6532691,0.0,0.0,0.7237503526558461,0.0,0.053355324836004345,0.10670869255083658,0.5848774004550207,0.19395031,0.0,0.0,0.8657332517642966,0.0,2.192075472786313,0.6806462679590498,0.8064007452556066,0.87555665,0.02857142857142857,0.02857142857142857,0.0,0.05551020408163265,0.02152548517499651,0.879232839362262,0.6767248715439887,0.92285615,0.0,0.0,0.0,0.0,0.02280090279775123
ciexplainer,gat,0.3804525011884315,0.7504981869742984,0.5375884,0.0,0.0,0.6807642893289172,0.0,0.11508794625600179,0.10670869255083658,0.5789260407288869,0.18062788,0.0,0.0,0.7428251004201316,0.0,4.864340082804362,0.6806462679590498,0.7539914483470577,0.8030396,0.0,0.0,0.0,0.0,0.0455723558153425,0.8807549092867603,0.658073659629038,0.9256249,0.0,0.0,0.0,0.0,0.04825220042712068
ciexplainer,gin,0.3804525011884315,0.8124472122816813,0.6302045,0.0,0.0,0.6469308433158533,0.0,0.05421130997794015,0.1065702525632722,0.5809940284206754,0.18994051,0.0,0.0,0.802871941496073,0.0,2.2097058387029738,0.6758843626294817,0.8523191145488194,0.9243661,0.37142857142857144,0.02857142857142857,0.0,0.5373860182370821,0.022193138939993723,0.772469216013608,0.6809554418472394,0.87637526,0.7945205479452054,0.0,0.0,0.8854961832061068,0.023386204079405903
