Dataset,,ba_2motif,ba_2motif,ba_2motif,ba_2motif,ba_2motif,ba_2motif,ba_2motif,ba_2motif,mutag,mutag,mutag,mutag,mutag,mutag,mutag,mutag
Metric,,accuracy,auroc,iou,fid+,fid-,unfaithfulness,characterization_score,inference_time,accuracy,auroc,iou,fid+,fid-,unfaithfulness,characterization_score,inference_time
Explainer,Model,,,,,,,,,,,,,,,,
ciexplainer,gcn,0.20000000298023224,0.5089999943971634,0.18380953,0.0,0.0,0.0,0.0,0.0947511887550354,0.41128097313876244,0.40136948344754236,0.087062106,0.0,0.0,0.0,0.0,0.049760956390231266
ciexplainer,graphsage,0.20000000298023224,0.5491999983787537,0.23857144,0.0,0.0,0.0,0.0,0.05703689575195312,0.41128097313876244,0.395798770236034,0.08374074,0.0,0.0,0.0,0.0,0.030008692367404114
ciexplainer,gat,0.20000000298023224,0.5338499993085861,0.21043652,0.0,0.0,0.0,0.0,0.12250575304031372,0.41128097313876244,0.407017356040431,0.09019855,0.0,0.0,0.0,0.0,0.06617568520938649
ciexplainer,gin,0.20000000298023224,0.5284499979019165,0.21202381,0.0,0.0,0.0,0.0,0.05806438684463501,0.41128097313876244,0.393797653855062,0.08292375,0.0,0.0,0.0,0.0,0.030459453077877268
