Dataset,,ba_2motif,ba_2motif,ba_2motif,ba_2motif,ba_2motif,ba_2motif,ba_2motif,ba_2motif,mutag,mutag,mutag,mutag,mutag,mutag,mutag,mutag
Metric,,accuracy,auroc,iou,fid+,fid-,unfaithfulness,characterization_score,inference_time,accuracy,auroc,iou,fid+,fid-,unfaithfulness,characterization_score,inference_time
Explainer,Model,,,,,,,,,,,,,,,,
ciexplainer,gcn,0.20000000298023224,0.5125499963760376,0.19507937,0.0,0.0,0.0,0.0,0.09410562038421631,0.4077795724950585,0.42101407810753466,0.09153964,0.0,0.0,0.0,0.0,0.049518274325950476
ciexplainer,graphsage,0.20000000298023224,0.5562499970197677,0.23432541,0.0,0.0,0.0,0.0,0.057112421989440915,0.41128097313876244,0.3931249724883659,0.08292375,0.0,0.0,0.0,0.0,0.03000619832207175
ciexplainer,gat,0.20000000298023224,0.5194999969005585,0.185,0.0,0.0,0.0,0.0,0.12447296380996704,0.41128097313876244,0.40561121731412175,0.088658944,0.0,0.0,0.0,0.0,0.06480191268172919
ciexplainer,gin,0.20000000298023224,0.5206999957561493,0.20444445,0.0,0.0,0.0,0.0,0.057832956314086914,0.41128097313876244,0.3914351229574166,0.08210676,0.0,0.0,0.0,0.0,0.03009968177945006
