Dataset,,ba_shapes,ba_shapes,ba_shapes,ba_shapes,ba_shapes,ba_shapes,ba_shapes,ba_shapes,ba_community,ba_community,ba_community,ba_community,ba_community,ba_community,ba_community,ba_community,tree_cycles,tree_cycles,tree_cycles,tree_cycles,tree_cycles,tree_cycles,tree_cycles,tree_cycles,tree_grid,tree_grid,tree_grid,tree_grid,tree_grid,tree_grid,tree_grid,tree_grid
Metric,,accuracy,auroc,iou,fid+,fid-,unfaithfulness,characterization_score,inference_time,accuracy,auroc,iou,fid+,fid-,unfaithfulness,characterization_score,inference_time,accuracy,auroc,iou,fid+,fid-,unfaithfulness,characterization_score,inference_time,accuracy,auroc,iou,fid+,fid-,unfaithfulness,characterization_score,inference_time
Explainer,Model,,,,,,,,,,,,,,,,,,,,,,,,,,,,,,,,
ciexplainer,gcn,0.3804525011884315,0.7533484860545113,0.5549629,0.0,0.0,0.6534935330356737,0.0,0.09240707329341344,0.10670869255083658,0.5881152553217751,0.19786389,0.0,0.0,0.9123403920698241,0.0,3.7854090259188697,0.6806462679590498,0.8397340791566031,0.9082097,0.0,0.0,0.0,0.0,0.03491061755589076,0.8807549092867603,0.6851427228483435,0.92943335,0.0,0.0,0.0,0.0,0.03666133423374124
ciexplainer,graphsage,0.3804525011884315,0.8867636202346711,0.7779118,0.0,0.0,0.7828061935827009,0.0,0.05521957647232782,0.10670869255083658,0.5911519405387696,0.20930399,0.0,0.0,0.8586576549546018,0.0,2.2616467294238864,0.6711224572999137,0.8365594727652413,0.8884818,0.05714285714285714,0.0,0.0,0.10810810810810811,0.021662630353655135,0.8807549092867603,0.6732367954842032,0.919895,0.0,0.0,0.0,0.0,0.022786888357711164
ciexplainer,gat,0.3804525011884315,0.7605196861993699,0.5695862,0.0,0.0,0.7665533734086368,0.0,0.12279620624723889,0.10670869255083658,0.5745559124719529,0.17436342,0.0,0.0,0.7573773473301636,0.0,4.999929384958176,0.6806462679590498,0.8391048312187195,0.89851576,0.0,0.0,0.0,0.0,0.04712847300938198,0.8807549092867603,0.6560247205708125,0.91653264,0.0,0.0,0.0,0.0,0.04861443989897427
ciexplainer,gin,0.3804525011884315,0.7590628912051519,0.59693104,0.0,0.0,0.6139745497138869,0.0,0.056400446664719356,0.1066440805438019,0.5935409926232837,0.20590755,0.0,0.0,0.7927526850673149,0.0,2.231702332269578,0.6711224572999137,0.8487476859773908,0.9114409,0.4,0.02857142857142857,0.0,0.5666666666666667,0.022373928342546735,0.7631845915154235,0.6765794892833658,0.8632474,0.7945205479452054,0.0,0.0,0.8854961832061068,0.023340620406686444
