Dataset,,ba_shapes,ba_shapes,ba_shapes,ba_shapes,ba_shapes,ba_shapes,ba_shapes,ba_shapes,ba_community,ba_community,ba_community,ba_community,ba_community,ba_community,ba_community,ba_community,tree_cycles,tree_cycles,tree_cycles,tree_cycles,tree_cycles,tree_cycles,tree_cycles,tree_cycles,tree_grid,tree_grid,tree_grid,tree_grid,tree_grid,tree_grid,tree_grid,tree_grid
Metric,,accuracy,auroc,iou,fid+,fid-,unfaithfulness,characterization_score,inference_time,accuracy,auroc,iou,fid+,fid-,unfaithfulness,characterization_score,inference_time,accuracy,auroc,iou,fid+,fid-,unfaithfulness,characterization_score,inference_time,accuracy,auroc,iou,fid+,fid-,unfaithfulness,characterization_score,inference_time
Explainer,Model,,,,,,,,,,,,,,,,,,,,,,,,,,,,,,,,
ciexplainer,gcn,0.3804525011884315,0.7853421419858932,0.6030544,0.0,0.0,0.662874362775169,0.0,0.08726480461302258,0.10670869255083658,0.5981922016257332,0.21273325,0.0,0.0,0.9132594053060709,0.0,3.631571697053455,0.6806462679590498,0.8368769339152745,0.89800555,0.0,0.0,0.0,0.0,0.03496300152369908,0.8807549092867603,0.6823692158476947,0.92776835,0.0,0.0,0.0,0.0,0.03675687802981024
ciexplainer,graphsage,0.3804525011884315,0.9095234402588436,0.80659485,0.023809523809523808,0.0,0.7320402293494875,0.046511627906976744,0.053471531186785014,0.10670869255083658,0.5815450949328286,0.1940108,0.0,0.0,0.8948639024233281,0.0,2.190740576244536,0.6806462679590498,0.8319959810801915,0.8898423,0.02857142857142857,0.0,0.0,0.05555555555555555,0.021779346466064452,0.8807549092867603,0.6752408538779168,0.93845046,0.0,0.0,0.0,0.0,0.022726846067872765
ciexplainer,gat,0.3804525011884315,0.7399382690588633,0.5322503,0.0,0.0,0.6969645685693693,0.0,0.1145870288213094,0.10670869255083658,0.5807228803634643,0.18259661,0.0,0.0,0.7514423415042637,0.0,4.874731577010381,0.6806462679590498,0.7430730768612452,0.78622967,0.0,0.0,0.0,0.0,0.04582744325910296,0.8807549092867603,0.6587884883358054,0.9239618,0.0136986301369863,0.0,0.0,0.02702702702702703,0.04801829873699032
ciexplainer,gin,0.3804525011884315,0.7049491511923927,0.49217087,0.0,0.0,0.6240647650178982,0.0,0.05385464146023705,0.1065702525632722,0.5687040433997199,0.17347363,0.0,0.0,0.7883447909311263,0.0,2.2241580418178013,0.6758843626294817,0.8417182036808559,0.90140694,0.2857142857142857,0.02857142857142857,0.0,0.4415584415584416,0.022359166826520647,0.767651278678685,0.6777654404509558,0.8712763,0.726027397260274,0.0,0.0,0.8412698412698413,0.023248701879422958
