Dataset,,ba_2motif,ba_2motif,ba_2motif,ba_2motif,ba_2motif,ba_2motif,ba_2motif,ba_2motif,mutag,mutag,mutag,mutag,mutag,mutag,mutag,mutag
Metric,,accuracy,auroc,iou,fid+,fid-,unfaithfulness,characterization_score,inference_time,accuracy,auroc,iou,fid+,fid-,unfaithfulness,characterization_score,inference_time
Explainer,Model,,,,,,,,,,,,,,,,
ciexplainer,gcn,0.20000000298023224,0.46764999866485596,0.12563492,0.0,0.0,0.0,0.0,0.09444307327270508,0.41128097313876244,0.40045706343417076,0.087016724,0.0,0.0,0.0,0.0,0.04917038655748554
ciexplainer,graphsage,0.20000000298023224,0.5610500001907348,0.24694444,0.0,0.0,0.0,0.0,0.058373353481292724,0.41128097313876244,0.39381464293190077,0.082993776,0.0,0.0,0.0,0.0,0.02973815039092419
ciexplainer,gat,0.20000000298023224,0.4959499979019165,0.15912698,0.0,0.0,0.0,0.0,0.1244354486465454,0.41128097313876244,0.4004114731854084,0.08605238,0.0,0.0,0.0,0.0,0.06435197942397174
ciexplainer,gin,0.20000000298023224,0.5537499976158142,0.25230157,0.0,0.0,0.0,0.0,0.05760493278503418,0.41128097313876244,0.393427562772059,0.08292375,0.0,0.0,0.0,0.0,0.030300371787127328
