Dataset,,ba_2motif,ba_2motif,ba_2motif,ba_2motif,ba_2motif,ba_2motif,ba_2motif,ba_2motif,mutag,mutag,mutag,mutag,mutag,mutag,mutag,mutag
Metric,,accuracy,auroc,iou,fid+,fid-,unfaithfulness,characterization_score,inference_time,accuracy,auroc,iou,fid+,fid-,unfaithfulness,characterization_score,inference_time
Explainer,Model,,,,,,,,,,,,,,,,
ciexplainer,gcn,0.20000000298023224,0.48399999737739563,0.14742064,0.0,0.0,0.0,0.0,0.09389507055282592,0.41128097313876244,0.40670761378372416,0.091486014,0.0,0.0,0.0,0.0,0.05078255428987391
ciexplainer,graphsage,0.20000000298023224,0.539999994635582,0.21162699,0.0,0.0,0.0,0.0,0.05706472635269165,0.41128097313876244,0.39791178133557825,0.084776305,0.0,0.0,0.0,0.0,0.02963416249144311
ciexplainer,gat,0.20000000298023224,0.5089499974250793,0.18281746,0.0,0.0,0.0,0.0,0.12342804670333862,0.41128097313876244,0.40293503041360895,0.08616015,0.0,0.0,0.0,0.0,0.06437500551635143
ciexplainer,gin,0.20000000298023224,0.5306499946117401,0.21714287,0.0,0.0,0.0,0.0,0.058323743343353274,0.41128097313876244,0.3901153642172907,0.08124487,0.0,0.0,0.0,0.0,0.030014767366297105
