Dataset,,medref,medref,medref,medref,medref,cora,cora,cora,cora,cora
Metric,,fid+,fid-,unfaithfulness,characterization_score,inference_time,fid+,fid-,unfaithfulness,characterization_score,inference_time
Explainer,Model,,,,,,,,,,
gnnexplainer,gcn,0.01,0.015,0.0,0.019798994974874373,0.48583661556243896,0.13,0.1,0.0,0.2271844660194175,0.45050072789192197
gnnexplainer,graphsage,0.045,0.025,0.0,0.08602941176470588,0.30322216033935545,0.115,0.13,0.0,0.2031472081218274,1.139723651409149
gnnexplainer,gat,0.03,0.03,0.0,0.05819999999999999,0.5787622904777527,0.04,0.1,0.0,0.07659574468085106,0.5414928126335145
gnnexplainer,gin,0.2,0.03,0.0,0.3316239316239316,0.3052349627017975,0.185,0.215,0.0,0.2994329896907217,1.0158358275890351
