Dataset,,ba_2motif,ba_2motif,ba_2motif,ba_2motif,ba_2motif,ba_2motif,ba_2motif,ba_2motif,mutag,mutag,mutag,mutag,mutag,mutag,mutag,mutag
Metric,,accuracy,auroc,iou,fid+,fid-,unfaithfulness,characterization_score,inference_time,accuracy,auroc,iou,fid+,fid-,unfaithfulness,characterization_score,inference_time
Explainer,Model,,,,,,,,,,,,,,,,
gnnexplainer,gcn,0.8568000096082687,0.6672000113129616,0.284,0.0,0.0,0.0,0.0,0.5064843535423279,0.8809258295040504,0.9240060045438654,0.44079727,0.5882352941176471,0.19607843137254902,0.0,0.6793703396851698,0.507517326111887
gnnexplainer,graphsage,0.7715999984741211,0.7774000042676925,0.19490117,0.0,0.48,0.0,0.0,0.32864683151245117,0.7611487589630426,0.6999147531448626,0.084781066,0.45098039215686275,0.0196078431372549,0.0,0.61778135911899,0.3292449502383961
gnnexplainer,gat,0.8072000020742416,0.7292000088095665,0.21587302,0.0,0.48,0.0,0.0,0.6069886946678161,0.719938247519381,0.504577646168935,0.15267037,0.5490196078431373,0.39215686274509803,0.0,0.5769358590893985,0.5944714896819171
gnnexplainer,gin,0.8548000133037568,0.599200005158782,0.288,0.0,0.48,0.0,0.0,0.3367453503608704,0.5966026829738243,0.39479195156737285,0.050530154,0.9313725490196079,0.9509803921568627,0.0,0.09313725490196087,0.3377428756040685
