Dataset,,medref,medref,medref,medref,medref,cora,cora,cora,cora,cora
Metric,,fid+,fid-,unfaithfulness,characterization_score,inference_time,fid+,fid-,unfaithfulness,characterization_score,inference_time
Explainer,Model,,,,,,,,,,
gnnexplainer,gcn,0.01,0.015,0.0,0.019798994974874373,0.49530455708503723,0.14,0.1,0.0,0.24230769230769234,0.4461526381969452
gnnexplainer,graphsage,0.045,0.025,0.0,0.08602941176470588,0.31170990467071535,0.125,0.13,0.0,0.21859296482412058,1.006204869747162
gnnexplainer,gat,0.03,0.03,0.0,0.05819999999999999,0.6002301943302154,0.05,0.1,0.0,0.09473684210526316,0.548473848104477
gnnexplainer,gin,0.185,0.03,0.0,0.31073593073593075,0.3076563191413879,0.195,0.215,0.0,0.3123979591836735,1.1055590975284577
