Dataset,,medref,medref,medref,medref,medref,cora,cora,cora,cora,cora
Metric,,fid+,fid-,unfaithfulness,characterization_score,inference_time,fid+,fid-,unfaithfulness,characterization_score,inference_time
Explainer,Model,,,,,,,,,,
gnnexplainer,gcn,0.01,0.015,0.0,0.019798994974874373,0.4787659585475922,0.135,0.1,0.0,0.2347826086956522,0.43980963945388796
gnnexplainer,graphsage,0.05,0.025,0.0,0.0951219512195122,0.3072130513191223,0.125,0.13,0.0,0.21859296482412058,1.0362017476558685
gnnexplainer,gat,0.03,0.03,0.0,0.05819999999999999,0.6024784898757934,0.04,0.1,0.0,0.07659574468085106,0.5400956678390503
gnnexplainer,gin,0.19,0.03,0.0,0.31775862068965516,0.32299634456634524,0.185,0.215,0.0,0.2994329896907217,1.1167254292964934
