Dataset,,ba_2motif,ba_2motif,ba_2motif,ba_2motif,ba_2motif,ba_2motif,ba_2motif,ba_2motif
Metric,,accuracy,auroc,iou,fid+,fid-,unfaithfulness,characterization_score,inference_time
Explainer,Model,,,,,,,,
gnnexplainer,gcn,0.4160000006854534,0.29410000645555556,0.015075756,0.06,0.0,0.0,0.11320754716981131,1.563579616546631
gnnexplainer,graphsage,0.5520000001788139,0.4653999999165535,0.0065516704,0.03,0.0,0.0,0.058252427184466014,1.0210397267341613
gnnexplainer,gat,0.6180000048875809,0.4330000050365925,0.030644052,0.0,0.0,0.0,0.0,1.7854113531112672
gnnexplainer,gin,0.7976000112295151,0.4654000036418438,0.002,0.0,0.22,0.0,0.0,1.02539044380188
