Dataset,,medref,medref,medref,medref,medref,cora,cora,cora,cora,cora
Metric,,fid+,fid-,unfaithfulness,characterization_score,inference_time,fid+,fid-,unfaithfulness,characterization_score,inference_time
Explainer,Model,,,,,,,,,,
gnnexplainer,gcn,0.01,0.015,0.0,0.019798994974874373,0.4709470820426941,0.125,0.1,0.0,0.21951219512195122,0.4496631669998169
gnnexplainer,graphsage,0.05,0.025,0.0,0.0951219512195122,0.30234055161476137,0.125,0.13,0.0,0.21859296482412058,1.0245548748970033
gnnexplainer,gat,0.03,0.03,0.0,0.05819999999999999,0.5599907684326172,0.055,0.1,0.0,0.10366492146596858,0.529783480167389
gnnexplainer,gin,0.205,0.03,0.0,0.338468085106383,0.3046062231063843,0.185,0.215,0.0,0.2994329896907217,0.9327737712860107
