Dataset,,medref,medref,medref,medref,medref,cora,cora,cora,cora,cora
Metric,,fid+,fid-,unfaithfulness,characterization_score,inference_time,fid+,fid-,unfaithfulness,characterization_score,inference_time
Explainer,Model,,,,,,,,,,
gnnexplainer,gcn,0.01,0.015,0.0,0.019798994974874373,0.4725721371173859,0.14,0.1,0.0,0.24230769230769234,0.4500336515903473
gnnexplainer,graphsage,0.05,0.025,0.0,0.0951219512195122,0.29556121826171877,0.12,0.13,0.0,0.2109090909090909,0.9580925440788269
gnnexplainer,gat,0.03,0.03,0.0,0.05819999999999999,0.5969384908676147,0.04,0.1,0.0,0.07659574468085106,0.5305191147327423
gnnexplainer,gin,0.2,0.03,0.0,0.3316239316239316,0.3303916847705841,0.195,0.215,0.0,0.3123979591836735,0.9483604872226715
