Dataset,,ba_2motif,ba_2motif,ba_2motif,ba_2motif,ba_2motif,ba_2motif,ba_2motif,ba_2motif,mutag,mutag,mutag,mutag,mutag,mutag,mutag,mutag
Metric,,accuracy,auroc,iou,fid+,fid-,unfaithfulness,characterization_score,inference_time,accuracy,auroc,iou,fid+,fid-,unfaithfulness,characterization_score,inference_time
Explainer,Model,,,,,,,,,,,,,,,,
gnnexplainer,gcn,0.8564000099897384,0.6849000151827931,0.28199998,0.0,0.0,0.0,0.0,0.5123185658454895,0.8880073498277103,0.9217473195464003,0.4576645,0.5784313725490197,0.24509803921568626,0.0,0.6549884659746251,0.5316146962782916
gnnexplainer,graphsage,0.7679999983310699,0.7620000010728836,0.1872738,0.0,0.48,0.0,0.0,0.32907164573669434,0.7567891823310479,0.6988453482295952,0.075719595,0.45098039215686275,0.049019607843137254,0.0,0.6118195529960236,0.3385763682571112
gnnexplainer,gat,0.8108000004291535,0.6920000138878822,0.22144446,0.0,0.48,0.0,0.0,0.5963079690933227,0.7289287564801235,0.5145310408928815,0.15158622,0.5294117647058824,0.4215686274509804,0.0,0.5528370640291514,0.6239341661041858
gnnexplainer,gin,0.8560000133514404,0.5970000048354268,0.288,0.0,0.48,0.0,0.0,0.36710267305374145,0.614294960510497,0.4018628369907246,0.053677086,0.9215686274509803,0.9411764705882353,0.0,0.11058823529411768,0.3595760312734866
