Dataset,,ba_2motif,ba_2motif,ba_2motif,ba_2motif,ba_2motif,ba_2motif,ba_2motif,ba_2motif
Metric,,accuracy,auroc,iou,fid+,fid-,unfaithfulness,characterization_score,inference_time
Explainer,Model,,,,,,,,
gnnexplainer,gcn,0.42960000187158587,0.2839500012341887,0.01550957,0.11,0.0,0.0,0.19819819819819817,1.5558007097244262
gnnexplainer,graphsage,0.5528000005334616,0.45730000242590907,0.011834017,0.01,0.0,0.0,0.019801980198019802,1.0780110836029053
gnnexplainer,gat,0.6128000056743622,0.42840000286698343,0.033115912,0.0,0.0,0.0,0.0,1.9229388403892518
gnnexplainer,gin,0.7968000108003617,0.4908000062406063,0.0,0.0,0.23,0.0,0.0,1.036349070072174
