Dataset,,medref,medref,medref,medref,medref,cora,cora,cora,cora,cora
Metric,,fid+,fid-,unfaithfulness,characterization_score,inference_time,fid+,fid-,unfaithfulness,characterization_score,inference_time
Explainer,Model,,,,,,,,,,
gnnexplainer,gcn,0.01,0.015,0.0,0.019798994974874373,0.4813603401184082,0.13,0.1,0.0,0.2271844660194175,0.45452778577804565
gnnexplainer,graphsage,0.05,0.025,0.0,0.0951219512195122,0.3031251358985901,0.13,0.13,0.0,0.22620000000000004,0.9513669538497925
gnnexplainer,gat,0.03,0.03,0.0,0.05819999999999999,0.5719296419620514,0.04,0.1,0.0,0.07659574468085106,0.5285810446739196
gnnexplainer,gin,0.185,0.03,0.0,0.31073593073593075,0.3056820917129517,0.185,0.215,0.0,0.2994329896907217,0.9821047103404998
