Dataset,,ba_2motif,ba_2motif,ba_2motif,ba_2motif,ba_2motif,ba_2motif,ba_2motif,ba_2motif
Metric,,accuracy,auroc,iou,fid+,fid-,unfaithfulness,characterization_score,inference_time
Explainer,Model,,,,,,,,
gnnexplainer,gcn,0.40959999926388263,0.2941500019002706,0.022527507,0.08,0.0,0.0,0.14814814814814814,1.5528774881362915
gnnexplainer,graphsage,0.5463999979943037,0.4603000058606267,0.0063755135,0.03,0.0,0.0,0.058252427184466014,1.0092018222808838
gnnexplainer,gat,0.6160000050067902,0.41500000312924384,0.023151627,0.0,0.0,0.0,0.0,1.8585917472839355
gnnexplainer,gin,0.7948000103235244,0.5021000039577485,0.002,0.0,0.21,0.0,0.0,1.035297281742096
