Dataset,,ba_2motif,ba_2motif,ba_2motif,ba_2motif,ba_2motif,ba_2motif,ba_2motif,ba_2motif,mutag,mutag,mutag,mutag,mutag,mutag,mutag,mutag
Metric,,accuracy,auroc,iou,fid+,fid-,unfaithfulness,characterization_score,inference_time,accuracy,auroc,iou,fid+,fid-,unfaithfulness,characterization_score,inference_time
Explainer,Model,,,,,,,,,,,,,,,,
gnnexplainer,gcn,0.8560000097751618,0.6736000134050846,0.27999997,0.0,0.0,0.0,0.0,0.52144939661026,0.8902558175956502,0.9293995356442881,0.46205685,0.5882352941176471,0.27450980392156865,0.0,0.649692712906058,0.5126942676656386
gnnexplainer,graphsage,0.773199999332428,0.7633000069856644,0.19561508,0.0,0.48,0.0,0.0,0.33912664890289307,0.7616793010749069,0.6963143145629004,0.10601388,0.5294117647058824,0.0196078431372549,0.0,0.6875477463712758,0.3353852664723116
gnnexplainer,gat,0.8004000025987625,0.7013000053167343,0.2108835,0.0,0.48,0.0,0.0,0.6067951345443725,0.7396167966665006,0.5370665581202975,0.1730657,0.5294117647058824,0.39215686274509803,0.0,0.565922920892495,0.6104088530820959
gnnexplainer,gin,0.8556000131368637,0.6200000093877316,0.288,0.0,0.48,0.0,0.0,0.34275193691253664,0.5986662397489828,0.3983717985159042,0.061632548,0.9411764705882353,0.9313725490196079,0.0,0.12792689891490572,0.3572051384869744
