Dataset,,ba_2motif,ba_2motif,ba_2motif,ba_2motif,ba_2motif,ba_2motif,ba_2motif,ba_2motif
Metric,,accuracy,auroc,iou,fid+,fid-,unfaithfulness,characterization_score,inference_time
Explainer,Model,,,,,,,,
gnnexplainer,gcn,0.43000000089406964,0.3068000034149736,0.017546916,0.09,0.0,0.0,0.1651376146788991,1.5505255460739136
gnnexplainer,graphsage,0.5488000009953976,0.4854000011831522,0.006469628,0.01,0.0,0.0,0.019801980198019802,1.0374013900756835
gnnexplainer,gat,0.6128000038862228,0.41250000178813934,0.025091741,0.0,0.0,0.0,0.0,1.7756885743141175
gnnexplainer,gin,0.7968000102043152,0.4773000052571297,0.0,0.0,0.23,0.0,0.0,1.0228048038482667
