Dataset,,cora,cora,cora,cora,cora,cora,medref,medref,medref,medref,medref,medref
Metric,,iou,fid+,fid-,unfaithfulness,characterization_score,inference_time,iou,fid+,fid-,unfaithfulness,characterization_score,inference_time
Explainer,Model,,,,,,,,,,,,
gnnexplainer,gcn,0,0.12,0.065,0.0,0.21270142180094787,1.3041526031494142,0,0.01,0.015,0.0,0.019798994974874373,1.375993947982788
gnnexplainer,graphsage,0,0.045,0.07,0.0,0.08584615384615385,3.136700745820999,0,0.025,0.025,0.0,0.048749999999999995,0.8830868983268738
gnnexplainer,gat,0,0.045,0.08,0.0,0.08580310880829016,1.5124529576301575,0,0.03,0.03,0.0,0.05819999999999999,1.6513188350200654
gnnexplainer,gin,0,0.085,0.18,0.0,0.15403314917127073,2.791864762306213,0,0.06,0.03,0.0,0.11300970873786408,0.890850487947464
