Dataset,,ba_2motif,ba_2motif,ba_2motif,ba_2motif,ba_2motif,ba_2motif,ba_2motif,ba_2motif,mutag,mutag,mutag,mutag,mutag,mutag,mutag,mutag
Metric,,accuracy,auroc,iou,fid+,fid-,unfaithfulness,characterization_score,inference_time,accuracy,auroc,iou,fid+,fid-,unfaithfulness,characterization_score,inference_time
Explainer,Model,,,,,,,,,,,,,,,,
gnnexplainer,gcn,0.8576000100374221,0.6711000098288059,0.288,0.0,0.0,0.0,0.0,0.5070811748504639,0.8803767298950869,0.9249111320458206,0.4361326,0.6372549019607843,0.24509803921568626,0.0,0.6911074288870478,0.5100379387537638
gnnexplainer,graphsage,0.7643999966979027,0.7643999999761582,0.18347558,0.0,0.48,0.0,0.0,0.3289055395126343,0.759630466500918,0.6888794308783961,0.089509524,0.5294117647058824,0.0392156862745098,0.0,0.6826625386996904,0.3292364162557265
gnnexplainer,gat,0.8040000027418137,0.7221000111103058,0.20519446,0.0,0.48,0.0,0.0,0.5935830807685852,0.7339275347835877,0.5229468375590502,0.16986625,0.5784313725490197,0.49019607843137253,0.0,0.5419537184243066,0.5958904729169958
gnnexplainer,gin,0.8564000135660171,0.5962000084668397,0.288,0.0,0.48,0.0,0.0,0.3365090990066528,0.593517045033913,0.3853481851846856,0.04302042,0.9313725490196079,0.9509803921568627,0.0,0.09313725490196087,0.3474547418893552
