Dataset,,cora,cora,cora,cora,cora,cora,medref,medref,medref,medref,medref,medref
Metric,,iou,fid+,fid-,unfaithfulness,characterization_score,inference_time,iou,fid+,fid-,unfaithfulness,characterization_score,inference_time
Explainer,Model,,,,,,,,,,,,
gnnexplainer,gcn,0,0.125,0.065,0.0,0.2205188679245283,1.345770102739334,0,0.01,0.015,0.0,0.019798994974874373,1.3977052462100983
gnnexplainer,graphsage,0,0.035,0.07,0.0,0.06746113989637306,3.3875875413417815,0,0.025,0.025,0.0,0.048749999999999995,0.8587363982200622
gnnexplainer,gat,0,0.045,0.08,0.0,0.08580310880829016,1.5935269892215729,0,0.03,0.03,0.0,0.05819999999999999,1.6876094007492066
gnnexplainer,gin,0,0.09,0.18,0.0,0.16219780219780222,3.4081176578998567,0,0.06,0.03,0.0,0.11300970873786408,0.8859204375743865
