Dataset,,cora,cora,cora,cora,cora,cora,medref,medref,medref,medref,medref,medref
Metric,,iou,fid+,fid-,unfaithfulness,characterization_score,inference_time,iou,fid+,fid-,unfaithfulness,characterization_score,inference_time
Explainer,Model,,,,,,,,,,,,
gnnexplainer,gcn,0,0.13,0.065,0.0,0.2282629107981221,1.3018623244762422,0,0.015,0.015,0.0,0.02955,1.4961917352676393
gnnexplainer,graphsage,0,0.035,0.07,0.0,0.06746113989637306,3.270010919570923,0,0.025,0.025,0.0,0.048749999999999995,0.9280874240398407
gnnexplainer,gat,0,0.04,0.08,0.0,0.07666666666666667,1.6506010735034942,0,0.03,0.03,0.0,0.05819999999999999,1.7299550342559815
gnnexplainer,gin,0,0.105,0.18,0.0,0.18616216216216216,3.4165804374217985,0,0.06,0.03,0.0,0.11300970873786408,0.9032284021377563
