Dataset,,ba_2motif,ba_2motif,ba_2motif,ba_2motif,ba_2motif,ba_2motif,ba_2motif,ba_2motif
Metric,,accuracy,auroc,iou,fid+,fid-,unfaithfulness,characterization_score,inference_time
Explainer,Model,,,,,,,,
gnnexplainer,gcn,0.4500000017136335,0.3460500019136816,0.023662236,0.07,0.0,0.0,0.13084112149532712,1.5458595848083496
gnnexplainer,graphsage,0.5532000018656253,0.4723000001162291,0.00646558,0.02,0.0,0.0,0.0392156862745098,1.0145733666419983
gnnexplainer,gat,0.615200002193451,0.4228000020235777,0.030227924,0.0,0.0,0.0,0.0,1.838456733226776
gnnexplainer,gin,0.7972000104188919,0.5010000056028366,0.002,0.0,0.23,0.0,0.0,1.0753759908676148
