Dataset,,ba_2motif,ba_2motif,ba_2motif,ba_2motif,ba_2motif,ba_2motif,ba_2motif,ba_2motif,mutag,mutag,mutag,mutag,mutag,mutag,mutag,mutag
Metric,,accuracy,auroc,iou,fid+,fid-,unfaithfulness,characterization_score,inference_time,accuracy,auroc,iou,fid+,fid-,unfaithfulness,characterization_score,inference_time
Explainer,Model,,,,,,,,,,,,,,,,
gnnexplainer,gcn,0.856400010585785,0.6922000095248222,0.28199998,0.0,0.0,0.0,0.0,0.5179526090621949,0.884902300787907,0.9078950865888128,0.45146316,0.5882352941176471,0.2647058823529412,0.0,0.6535947712418302,0.5196321665071973
gnnexplainer,graphsage,0.7756000024080276,0.7728000050783157,0.19438095,0.0,0.48,0.0,0.0,0.32669308423995974,0.7565813196056029,0.6864748849880462,0.089327045,0.4803921568627451,0.0392156862745098,0.0,0.6405228758169934,0.34197231835010006
gnnexplainer,gat,0.8032000005245209,0.7156999984383583,0.20385666,0.0,0.48,0.0,0.0,0.591508948802948,0.7262189253872516,0.4939560555652076,0.15623471,0.5588235294117647,0.3627450980392157,0.0,0.5954676952748312,0.5941269841848635
gnnexplainer,gin,0.8568000137805939,0.579400009661913,0.288,0.0,0.48,0.0,0.0,0.3346492338180542,0.6072367169693405,0.40117921274812784,0.054977138,0.9313725490196079,0.9313725490196079,0.0,0.127835447904652,0.33728095830655563
