Dataset,,ba_2motif,ba_2motif,ba_2motif,ba_2motif,ba_2motif,ba_2motif,ba_2motif,ba_2motif,mutag,mutag,mutag,mutag,mutag,mutag,mutag,mutag
Metric,,accuracy,auroc,iou,fid+,fid-,unfaithfulness,characterization_score,inference_time,accuracy,auroc,iou,fid+,fid-,unfaithfulness,characterization_score,inference_time
Explainer,Model,,,,,,,,,,,,,,,,
gnnexplainer,gcn,0.8560000103712082,0.6851000135019422,0.28,0.0,0.0,0.0,0.0,0.5071343231201172,0.8875715235869089,0.925943955486896,0.45054674,0.5588235294117647,0.30392156862745096,0.0,0.6199448529411764,0.5077390647401997
gnnexplainer,graphsage,0.7667999970912933,0.7633000048995018,0.17233875,0.0,0.48,0.0,0.0,0.3286074471473694,0.756166041189549,0.6862033094991656,0.07845267,0.49019607843137253,0.049019607843137254,0.0,0.6469254368414032,0.32890192901386933
gnnexplainer,gat,0.8056000012159348,0.7185000076889991,0.21296535,0.0,0.48,0.0,0.0,0.5936985611915588,0.7278544593091104,0.538587431259015,0.16145472,0.5392156862745098,0.3627450980392157,0.0,0.5841503267973855,0.5936545390708774
gnnexplainer,gin,0.8560000133514404,0.5897000096738338,0.288,0.0,0.48,0.0,0.0,0.3366343426704407,0.6071267586712744,0.4076907063158704,0.049006972,0.9313725490196079,0.9411764705882353,0.0,0.11065812463599303,0.3363140727959427
