Dataset,,ba_2motif,ba_2motif,ba_2motif,ba_2motif,ba_2motif,ba_2motif,ba_2motif,ba_2motif
Metric,,accuracy,auroc,iou,fid+,fid-,unfaithfulness,characterization_score,inference_time
Explainer,Model,,,,,,,,
gnnexplainer,gcn,0.4200000002980232,0.2931000041589141,0.021765012,0.09,0.0,0.0,0.1651376146788991,1.5747007751464843
gnnexplainer,graphsage,0.5312000009417533,0.45299999848008154,0.011347153,0.02,0.0,0.0,0.0392156862745098,1.016768021583557
gnnexplainer,gat,0.6120000058412551,0.4376000027358532,0.031702243,0.0,0.0,0.0,0.0,1.8681565093994141
gnnexplainer,gin,0.7936000096797943,0.49660000450909136,0.0,0.0,0.21,0.0,0.0,1.0185200381278992
