Dataset,,ba_2motif,ba_2motif,ba_2motif,ba_2motif,ba_2motif,ba_2motif,ba_2motif,ba_2motif
Metric,,accuracy,auroc,iou,fid+,fid-,unfaithfulness,characterization_score,inference_time
Explainer,Model,,,,,,,,
gnnexplainer,gcn,0.41159999907016753,0.29150000216439365,0.011135975,0.07,0.0,0.0,0.13084112149532712,1.5641556215286254
gnnexplainer,graphsage,0.5280000036954879,0.434200002476573,0.009873917,0.03,0.0,0.0,0.058252427184466014,1.0065914916992187
gnnexplainer,gat,0.6224000033736229,0.434000004529953,0.02850505,0.0,0.0,0.0,0.0,1.852021107673645
gnnexplainer,gin,0.7968000108003617,0.4892000035941601,0.0,0.0,0.2,0.0,0.0,0.9876549816131592
