Dataset,,medref,medref,medref,medref,medref,cora,cora,cora,cora,cora
Metric,,fid+,fid-,unfaithfulness,characterization_score,inference_time,fid+,fid-,unfaithfulness,characterization_score,inference_time
Explainer,Model,,,,,,,,,,
gnnexplainer,gcn,0.01,0.015,0.0,0.019798994974874373,0.47437297105789183,0.135,0.1,0.0,0.2347826086956522,0.44942972898483274
gnnexplainer,graphsage,0.05,0.025,0.0,0.0951219512195122,0.3053727722167969,0.13,0.13,0.0,0.22620000000000004,0.9775749886035919
gnnexplainer,gat,0.03,0.03,0.0,0.05819999999999999,0.5673978590965271,0.055,0.1,0.0,0.10366492146596858,0.5173757994174957
gnnexplainer,gin,0.19,0.03,0.0,0.31775862068965516,0.3216008758544922,0.19,0.215,0.0,0.3059487179487179,0.9377492904663086
