Dataset,,cora,cora,cora,cora,cora,cora,medref,medref,medref,medref,medref,medref
Metric,,iou,fid+,fid-,unfaithfulness,characterization_score,inference_time,iou,fid+,fid-,unfaithfulness,characterization_score,inference_time
Explainer,Model,,,,,,,,,,,,
gnnexplainer,gcn,0,0.125,0.065,0.0,0.2205188679245283,1.3537223601341248,0,0.01,0.015,0.0,0.019798994974874373,1.4837203323841095
gnnexplainer,graphsage,0,0.025,0.07,0.0,0.048691099476439785,3.268821473121643,0,0.025,0.025,0.0,0.048749999999999995,0.9179703295230865
gnnexplainer,gat,0,0.04,0.08,0.0,0.07666666666666667,1.5643606662750245,0,0.03,0.03,0.0,0.05819999999999999,1.715547297000885
gnnexplainer,gin,0,0.095,0.18,0.0,0.17027322404371584,2.8156470263004305,0,0.06,0.03,0.0,0.11300970873786408,0.8934766578674317
