Dataset,,medref,medref,medref,medref,medref,cora,cora,cora,cora,cora
Metric,,fid+,fid-,unfaithfulness,characterization_score,inference_time,fid+,fid-,unfaithfulness,characterization_score,inference_time
Explainer,Model,,,,,,,,,,
gnnexplainer,gcn,0.01,0.015,0.0,0.019798994974874373,0.5036120796203614,0.135,0.1,0.0,0.2347826086956522,0.44328189253807065
gnnexplainer,graphsage,0.045,0.025,0.0,0.08602941176470588,0.3205177545547485,0.135,0.13,0.0,0.23373134328358214,0.9556861507892609
gnnexplainer,gat,0.03,0.03,0.0,0.05819999999999999,0.5848237097263336,0.045,0.1,0.0,0.08571428571428572,0.5287056136131286
gnnexplainer,gin,0.19,0.03,0.0,0.31775862068965516,0.31213683128356934,0.19,0.215,0.0,0.3059487179487179,0.9911524081230163
