Dataset,,ba_2motif,ba_2motif,ba_2motif,ba_2motif,ba_2motif,ba_2motif,ba_2motif,ba_2motif,mutag,mutag,mutag,mutag,mutag,mutag,mutag,mutag
Metric,,accuracy,auroc,iou,fid+,fid-,unfaithfulness,characterization_score,inference_time,accuracy,auroc,iou,fid+,fid-,unfaithfulness,characterization_score,inference_time
Explainer,Model,,,,,,,,,,,,,,,,
gnnexplainer,gcn,0.8568000096082687,0.6776000054180622,0.284,0.0,0.0,0.0,0.0,0.5032971906661987,0.8867376201293048,0.9166171179682601,0.44879782,0.5490196078431373,0.28431372549019607,0.0,0.6213710290317678,0.5230752229690552
gnnexplainer,graphsage,0.7724000012874603,0.7654000037908554,0.19076338,0.0,0.48,0.0,0.0,0.33767673015594485,0.7627003084795148,0.6827597913204455,0.08738829,0.5098039215686274,0.049019607843137254,0.0,0.6637715488880116,0.3353575164196538
gnnexplainer,gat,0.8056000030040741,0.7246000072360039,0.21279365,0.0,0.48,0.0,0.0,0.6203666210174561,0.7283303065627229,0.5336257369787085,0.15732017,0.5490196078431373,0.4117647058823529,0.0,0.5679513184584178,0.5925591810076845
gnnexplainer,gin,0.8568000137805939,0.5976000088453293,0.288,0.0,0.48,0.0,0.0,0.3516076993942261,0.5913256196414723,0.3595958138432573,0.03908384,0.9313725490196079,0.9215686274509803,0.0,0.1446792309156673,0.34509021394393025
