Dataset,,ba_2motif,ba_2motif,ba_2motif,ba_2motif,ba_2motif,ba_2motif,ba_2motif,ba_2motif,mutag,mutag,mutag,mutag,mutag,mutag,mutag,mutag
Metric,,accuracy,auroc,iou,fid+,fid-,unfaithfulness,characterization_score,inference_time,accuracy,auroc,iou,fid+,fid-,unfaithfulness,characterization_score,inference_time
Explainer,Model,,,,,,,,,,,,,,,,
gnnexplainer,gcn,0.8568000102043152,0.670900014936924,0.284,0.0,0.0,0.0,0.0,0.5080492424964905,0.8800752157089757,0.8970542444902307,0.43030927,0.5980392156862745,0.3137254901960784,0.0,0.6391258793593774,0.5305410950791603
gnnexplainer,graphsage,0.7719999995827674,0.7733000016212463,0.19176622,0.0,0.48,0.0,0.0,0.3290347456932068,0.7563224437774396,0.7031882510465735,0.07512931,0.5392156862745098,0.029411764705882353,0.0,0.6932773109243697,0.35164139083787505
gnnexplainer,gat,0.806000000834465,0.7154000124335289,0.21787772,0.0,0.48,0.0,0.0,0.5946784543991089,0.7301234380871642,0.5175453570543551,0.1565686,0.5490196078431373,0.5098039215686274,0.0,0.5179430262671106,0.5987910476385379
gnnexplainer,gin,0.8564000135660171,0.5998000083863735,0.288,0.0,0.48,0.0,0.0,0.33667423963546755,0.5894143248305601,0.36637779199244347,0.03909195,0.9411764705882353,0.9509803921568627,0.0,0.09318578916715209,0.3397260226455389
