Dataset,,ba_2motif,ba_2motif,ba_2motif,ba_2motif,ba_2motif,ba_2motif,ba_2motif,ba_2motif,mutag,mutag,mutag,mutag,mutag,mutag,mutag,mutag
Metric,,accuracy,auroc,iou,fid+,fid-,unfaithfulness,characterization_score,inference_time,accuracy,auroc,iou,fid+,fid-,unfaithfulness,characterization_score,inference_time
Explainer,Model,,,,,,,,,,,,,,,,
gnnexplainer,gcn,0.8568000096082687,0.6916000097990036,0.284,0.0,0.0,0.0,0.0,0.5223025703430175,0.8896268991863027,0.9197331254973131,0.46424684,0.5784313725490197,0.3235294117647059,0.0,0.6236213235294118,0.5188767536013734
gnnexplainer,graphsage,0.7716000020503998,0.7796999996900559,0.2032107,0.0,0.48,0.0,0.0,0.3357492780685425,0.7478581301721872,0.679423578229605,0.07135308,0.5,0.0196078431372549,0.0,0.6622516556291391,0.3412840389737896
gnnexplainer,gat,0.8040000015497207,0.7160000066459179,0.20974927,0.0,0.48,0.0,0.0,0.6065230345726014,0.7255249461706947,0.5085788984216896,0.15798391,0.5686274509803921,0.4215686274509804,0.0,0.5734875146639853,0.6113833399379954
gnnexplainer,gin,0.8568000137805939,0.5947000069916248,0.288,0.0,0.48,0.0,0.0,0.356171293258667,0.6280440287847145,0.40907237317193956,0.061924625,0.9411764705882353,0.9411764705882353,0.0,0.11072664359861593,0.3713035279629277
