Dataset,,cora,cora,cora,cora,cora,cora,medref,medref,medref,medref,medref,medref
Metric,,iou,fid+,fid-,unfaithfulness,characterization_score,inference_time,iou,fid+,fid-,unfaithfulness,characterization_score,inference_time
Explainer,Model,,,,,,,,,,,,
gnnexplainer,gcn,0,0.12,0.065,0.0,0.21270142180094787,1.3300612306594848,0,0.01,0.015,0.0,0.019798994974874373,1.3657395350933075
gnnexplainer,graphsage,0,0.025,0.07,0.0,0.048691099476439785,3.058098382949829,0,0.025,0.025,0.0,0.048749999999999995,0.9107031595706939
gnnexplainer,gat,0,0.04,0.08,0.0,0.07666666666666667,1.5550287806987761,0,0.03,0.03,0.0,0.05819999999999999,1.6763336443901062
gnnexplainer,gin,0,0.09,0.18,0.0,0.16219780219780222,3.2548981487751005,0,0.06,0.03,0.0,0.11300970873786408,0.9016996514797211
