Dataset,,ba_2motif,ba_2motif,ba_2motif,ba_2motif,ba_2motif,ba_2motif,ba_2motif,ba_2motif
Metric,,accuracy,auroc,iou,fid+,fid-,unfaithfulness,characterization_score,inference_time
Explainer,Model,,,,,,,,
gnnexplainer,gcn,0.42959999859333037,0.3321000040974468,0.01879134,0.07,0.0,0.0,0.13084112149532712,1.586143913269043
gnnexplainer,graphsage,0.5467999996989965,0.45220000103116037,0.003024133,0.02,0.0,0.0,0.0392156862745098,1.009597680568695
gnnexplainer,gat,0.6216000056266785,0.4437000025808811,0.030756492,0.0,0.0,0.0,0.0,1.8063682222366333
gnnexplainer,gin,0.7972000110149383,0.4869000056385994,0.0,0.0,0.26,0.0,0.0,1.0247148561477661
