Dataset,,medref,medref,medref,medref,medref,cora,cora,cora,cora,cora
Metric,,fid+,fid-,unfaithfulness,characterization_score,inference_time,fid+,fid-,unfaithfulness,characterization_score,inference_time
Explainer,Model,,,,,,,,,,
gnnexplainer,gcn,0.01,0.015,0.0,0.019798994974874373,0.49291863799095154,0.13,0.1,0.0,0.2271844660194175,0.4494300127029419
gnnexplainer,graphsage,0.045,0.025,0.0,0.08602941176470588,0.312146475315094,0.135,0.13,0.0,0.23373134328358214,1.0409580516815184
gnnexplainer,gat,0.03,0.03,0.0,0.05819999999999999,0.5800291097164154,0.05,0.1,0.0,0.09473684210526316,0.5402449703216553
gnnexplainer,gin,0.2,0.03,0.0,0.3316239316239316,0.31505601286888124,0.195,0.215,0.0,0.3123979591836735,1.0533177745342255
