Dataset,,medref,medref,medref,medref,medref,cora,cora,cora,cora,cora
Metric,,fid+,fid-,unfaithfulness,characterization_score,inference_time,fid+,fid-,unfaithfulness,characterization_score,inference_time
Explainer,Model,,,,,,,,,,
gnnexplainer,gcn,0.01,0.015,0.0,0.019798994974874373,0.5042257964611053,0.135,0.1,0.0,0.2347826086956522,0.45104921340942383
gnnexplainer,graphsage,0.045,0.025,0.0,0.08602941176470588,0.3087067425251007,0.125,0.13,0.0,0.21859296482412058,1.0573307061195374
gnnexplainer,gat,0.03,0.03,0.0,0.05819999999999999,0.5881550395488739,0.045,0.1,0.0,0.08571428571428572,0.5375590658187867
gnnexplainer,gin,0.185,0.03,0.0,0.31073593073593075,0.3244920289516449,0.19,0.215,0.0,0.3059487179487179,0.9482425224781036
