Dataset,,ba_2motif,ba_2motif,ba_2motif,ba_2motif,ba_2motif,ba_2motif,ba_2motif,ba_2motif
Metric,,accuracy,auroc,iou,fid+,fid-,unfaithfulness,characterization_score,inference_time
Explainer,Model,,,,,,,,
gnnexplainer,gcn,0.41959999956190586,0.3054500016849488,0.008134546,0.09,0.0,0.0,0.1651376146788991,1.5661215782165527
gnnexplainer,graphsage,0.5468000014126301,0.445500002540648,0.006490801,0.02,0.0,0.0,0.0392156862745098,0.9905390191078186
gnnexplainer,gat,0.628000002503395,0.4349000044167042,0.037267316,0.0,0.0,0.0,0.0,1.8008281254768372
gnnexplainer,gin,0.7952000093460083,0.4748000058531761,0.0,0.0,0.24,0.0,0.0,0.9910735392570496
