Dataset,,ba_2motif,ba_2motif,ba_2motif,ba_2motif,ba_2motif,ba_2motif,ba_2motif,ba_2motif,mutag,mutag,mutag,mutag,mutag,mutag,mutag,mutag
Metric,,accuracy,auroc,iou,fid+,fid-,unfaithfulness,characterization_score,inference_time,accuracy,auroc,iou,fid+,fid-,unfaithfulness,characterization_score,inference_time
Explainer,Model,,,,,,,,,,,,,,,,
gnnexplainer,gcn,0.8560000091791153,0.6799000129103661,0.28,0.0,0.0,0.0,0.0,0.5254903054237365,0.8829649733562096,0.9216006374826619,0.44096154,0.5784313725490197,0.27450980392156865,0.0,0.6436679935131948,0.5237696498048072
gnnexplainer,graphsage,0.7775999993085861,0.7707000043988228,0.19813566,0.0,0.48,0.0,0.0,0.3376637101173401,0.7583194781167835,0.6958854414668738,0.087074794,0.5,0.0392156862745098,0.0,0.6577181208053691,0.33259498839284857
gnnexplainer,gat,0.8072000032663346,0.715000006556511,0.219627,0.0,0.48,0.0,0.0,0.610696485042572,0.7251299175561643,0.5237355283370205,0.14774036,0.5392156862745098,0.4215686274509804,0.0,0.5581355349157205,0.5950107738083484
gnnexplainer,gin,0.8564000135660171,0.5974000081419945,0.288,0.0,0.48,0.0,0.0,0.3464131689071655,0.6147697728638556,0.4259072061555058,0.05986514,0.9411764705882353,0.9411764705882353,0.0,0.11072664359861593,0.33818897079018984
