Dataset,,ba_2motif,ba_2motif,ba_2motif,ba_2motif,ba_2motif,ba_2motif,ba_2motif,ba_2motif
Metric,,accuracy,auroc,iou,fid+,fid-,unfaithfulness,characterization_score,inference_time
Explainer,Model,,,,,,,,
gnnexplainer,gcn,0.39960000112652777,0.2817499999795109,0.01841674,0.07,0.0,0.0,0.13084112149532712,1.5543597483634948
gnnexplainer,graphsage,0.5416000018268824,0.45610000271350143,0.014904443,0.03,0.01,0.0,0.05823529411764705,0.9897034955024719
gnnexplainer,gat,0.6228000023961067,0.41910000286996363,0.03200505,0.0,0.0,0.0,0.0,1.8032303309440614
gnnexplainer,gin,0.796400009393692,0.4632000035047531,0.004,0.0,0.24,0.0,0.0,0.9906333541870117
