Dataset,,ba_2motif,ba_2motif,ba_2motif,ba_2motif,ba_2motif,ba_2motif,ba_2motif,ba_2motif
Metric,,accuracy,auroc,iou,fid+,fid-,unfaithfulness,characterization_score,inference_time
Explainer,Model,,,,,,,,
pgexplainer,gcn,0.22600000321865082,0.5162500005960464,0.20968227,0.0,0.0,0.0,0.0,0.0021431112289428712
pgexplainer,graphsage,0.18760000094771384,0.469000001847744,0.18760006,0.0,0.6,0.0,0.0,0.0014243650436401368
pgexplainer,gat,0.20000000298023224,0.5,0.20000006,0.0,0.0,0.0,0.0,0.0026188445091247558
pgexplainer,gin,0.9571999990940094,0.9642499911785126,0.8457658,0.0,0.16,0.0,0.0,0.0015873074531555175
