Dataset,,ba_shapes,ba_shapes,ba_shapes,ba_shapes,ba_shapes,ba_shapes,ba_shapes,ba_shapes,ba_community,ba_community,ba_community,ba_community,ba_community,ba_community,ba_community,ba_community,tree_cycles,tree_cycles,tree_cycles,tree_cycles,tree_cycles,tree_cycles,tree_cycles,tree_cycles,tree_grid,tree_grid,tree_grid,tree_grid,tree_grid,tree_grid,tree_grid,tree_grid
Metric,,accuracy,auroc,iou,fid+,fid-,unfaithfulness,characterization_score,inference_time,accuracy,auroc,iou,fid+,fid-,unfaithfulness,characterization_score,inference_time,accuracy,auroc,iou,fid+,fid-,unfaithfulness,characterization_score,inference_time,accuracy,auroc,iou,fid+,fid-,unfaithfulness,characterization_score,inference_time
Explainer,Model,,,,,,,,,,,,,,,,,,,,,,,,,,,,,,,,
pgexplainer,gcn,0.524944489910489,0.578754641470455,0.4419353,0.0,0.5714285714285714,0.7365642293644625,0.0,0.0027509133021036782,0.34315431678578967,0.5293587108453115,0.25436628,0.009523809523809525,0.6095238095238096,0.9194368312145706,0.018594104308390026,0.0027849969409760975,0.7274443473134722,0.44285714285714284,0.72744435,0.0,0.0,0.0,0.0,0.002721984045846122,0.8618139640925682,0.3561643835616438,0.861814,0.0,0.0,0.0,0.0,0.002682888344542621
pgexplainer,graphsage,0.40384192587364287,0.5,0.40384197,0.0,0.11904761904761904,0.24530234292338027,0.0,0.002047663643246605,0.40535665303468704,0.5309677722908202,0.23467602,0.0,0.7238095238095238,0.6721648189002042,0.0,0.0020605223519461497,0.7274443473134722,0.44285714285714284,0.72744435,0.0,0.0,0.0,0.0,0.0020294053213936944,0.8618139640925682,0.3561643835616438,0.861814,0.0,0.0,0.0,0.0,0.002002422123739164
pgexplainer,gat,0.40384192587364287,0.5,0.40384197,0.0,0.40476190476190477,0.7866259672279868,0.0,0.003185618491399856,0.37740975795757203,0.5055650370461601,0.20665485,0.0,0.5333333333333333,0.795452959130385,0.0,0.0032757690974644254,0.7274443473134722,0.44285714285714284,0.72744435,0.0,0.0,0.0,0.0,0.003145946775163923,0.8618139640925682,0.3561643835616438,0.861814,0.0,0.0,0.0,0.0,0.0031598071529440686
pgexplainer,gin,0.10967664425039575,0.1269274391233921,0.07674013,0.0,0.6190476190476191,0.6637728416136104,0.0,0.002179861068725586,0.46553983716737657,0.6155719708828699,0.32742405,0.0,0.6,0.9008792662353347,0.0,0.0022431963966006324,0.7274443473134722,0.44285714285714284,0.72744435,0.0,0.02857142857142857,0.0,0.0,0.0021611486162458147,0.8381874904240647,0.34188034232348613,0.8381875,0.0,0.9863013698630136,0.0,0.0,0.002210159824319082
