Dataset,,ba_2motif,ba_2motif,ba_2motif,ba_2motif,ba_2motif,ba_2motif,ba_2motif,ba_2motif,mutag,mutag,mutag,mutag,mutag,mutag,mutag,mutag
Metric,,accuracy,auroc,iou,fid+,fid-,unfaithfulness,characterization_score,inference_time,accuracy,auroc,iou,fid+,fid-,unfaithfulness,characterization_score,inference_time
Explainer,Model,,,,,,,,,,,,,,,,
pgexplainer,gcn,0.9947999972105026,0.9869999969005585,0.97400004,0.0,0.0,0.0,0.0,0.0021941828727722167,0.8188591967610752,0.4928493038112042,0.0,0.0,0.6176470588235294,0.0,0.0,0.002203997443704044
pgexplainer,graphsage,0.9979999989271164,0.9979999983310699,0.9913333,0.0,0.53,0.0,0.0,0.0014672517776489259,0.1699436310240451,0.500130718829585,0.16970219,0.9803921568627451,0.0,0.0,0.9900990099009901,0.0014697476929309322
pgexplainer,gat,0.9655999892950058,0.9154999870061874,0.8291429,0.0,0.54,0.0,0.0,0.0026532244682312012,0.6202672665902212,0.7544044300037271,0.43861744,0.0,0.5882352941176471,0.0,0.0,0.0026483699387195065
pgexplainer,gin,0.669599998742342,0.7087500041723251,0.4049301,0.0,0.55,0.0,0.0,0.001628875732421875,0.5129093144308118,0.312348803468779,0.0019607844,0.0,0.9607843137254902,0.0,0.0,0.0016414488063139073
