Dataset,,ba_2motif,ba_2motif,ba_2motif,ba_2motif,ba_2motif,ba_2motif,ba_2motif,ba_2motif,mutag,mutag,mutag,mutag,mutag,mutag,mutag,mutag
Metric,,accuracy,auroc,iou,fid+,fid-,unfaithfulness,characterization_score,inference_time,accuracy,auroc,iou,fid+,fid-,unfaithfulness,characterization_score,inference_time
Explainer,Model,,,,,,,,,,,,,,,,
pgexplainer,gcn,0.9847999918460846,0.961999990940094,0.924,0.0,0.0,0.0,0.0,0.0021951889991760256,0.8303077501409194,0.5,0.0,0.0,0.6176470588235294,0.0,0.0,0.002232680133744782
pgexplainer,graphsage,0.9983999991416931,0.9989999985694885,0.9933333,0.0,0.55,0.0,0.0,0.0014848542213439942,0.1699436310240451,0.500130718829585,0.16970219,0.9803921568627451,0.0,0.0,0.9900990099009901,0.0014758624282537722
pgexplainer,gat,0.5832000011205674,0.7394999992847443,0.58066666,0.0,0.37,0.0,0.0,0.00266512393951416,0.5992914932031258,0.7480379860190784,0.41702765,0.0,0.5882352941176471,0.0,0.0,0.002661644243726543
pgexplainer,gin,0.6584000013768673,0.7130000033974647,0.40500936,0.0,0.55,0.0,0.0,0.0016248393058776855,0.3174293509447107,0.5886214223562503,0.20547894,0.5196078431372549,0.16666666666666666,0.0,0.640096618357488,0.0016482390609442019
