Dataset,,ba_2motif,ba_2motif,ba_2motif,ba_2motif,ba_2motif,ba_2motif,ba_2motif,ba_2motif,mutag,mutag,mutag,mutag,mutag,mutag,mutag,mutag
Metric,,accuracy,auroc,iou,fid+,fid-,unfaithfulness,characterization_score,inference_time,accuracy,auroc,iou,fid+,fid-,unfaithfulness,characterization_score,inference_time
Explainer,Model,,,,,,,,,,,,,,,,
pgexplainer,gcn,0.9831999915838242,0.9579999905824661,0.916,0.0,0.0,0.0,0.0,0.002241673469543457,0.8175433681291693,0.49203921328572664,0.0,0.0,0.6176470588235294,0.0,0.0,0.0021932896445779238
pgexplainer,graphsage,0.9699999839067459,0.9797499734163284,0.87433344,0.0,0.47,0.0,0.0,0.0014789438247680665,0.4019631395006881,0.6315505826005748,0.2223442,0.9803921568627451,0.049019607843137254,0.0,0.9654623270628047,0.001454911979974485
pgexplainer,gat,0.9955999982357026,0.991999997496605,0.9798096,0.0,0.96,0.0,0.0,0.002656431198120117,0.5585501029649201,0.4720337573511928,0.1782354,0.0,0.5882352941176471,0.0,0.0,0.0026550807204901005
pgexplainer,gin,0.5784000016748905,0.7230000013113022,0.36269388,0.0,0.55,0.0,0.0,0.0016378974914550782,0.1699436310240451,0.500130718829585,0.16970219,0.9607843137254902,0.0,0.0,0.98,0.0016371572718900792
