Dataset,,ba_shapes,ba_shapes,ba_shapes,ba_shapes,ba_shapes,ba_shapes,ba_shapes,ba_shapes,ba_community,ba_community,ba_community,ba_community,ba_community,ba_community,ba_community,ba_community,tree_cycles,tree_cycles,tree_cycles,tree_cycles,tree_cycles,tree_cycles,tree_cycles,tree_cycles,tree_grid,tree_grid,tree_grid,tree_grid,tree_grid,tree_grid,tree_grid,tree_grid
Metric,,accuracy,auroc,iou,fid+,fid-,unfaithfulness,characterization_score,inference_time,accuracy,auroc,iou,fid+,fid-,unfaithfulness,characterization_score,inference_time,accuracy,auroc,iou,fid+,fid-,unfaithfulness,characterization_score,inference_time,accuracy,auroc,iou,fid+,fid-,unfaithfulness,characterization_score,inference_time
Explainer,Model,,,,,,,,,,,,,,,,,,,,,,,,,,,,,,,,
pgexplainer,gcn,0.4138705935329199,0.5067896360442752,0.40640867,0.0,0.5714285714285714,0.736564250352482,0.0,0.002892925625755673,0.33585784201111113,0.5260408864134833,0.25177193,0.01904761904761905,0.6095238095238096,0.9208833983608,0.0363233665559247,0.002851731436593192,0.7274443473134722,0.44285714285714284,0.72744435,0.0,0.0,0.0,0.0,0.0028683389936174663,0.8618139640925682,0.3561643835616438,0.861814,0.0,0.0,0.0,0.0,0.002812401889121696
pgexplainer,graphsage,0.40384192587364287,0.5,0.40384197,0.0,0.11904761904761904,0.2452623812305752,0.0,0.002196760404677618,0.3993759948582876,0.5484720916975112,0.26217854,0.009523809523809525,0.7238095238095238,0.673375131499675,0.018412698412698415,0.002120458512079148,0.7274443473134722,0.44285714285714284,0.72744435,0.0,0.0,0.0,0.0,0.001996878215244838,0.8618139640925682,0.3561643835616438,0.861814,0.0,0.0,0.0,0.0,0.002100804080701854
pgexplainer,gat,0.40384192587364287,0.5,0.40384197,0.0,0.40476190476190477,0.7866040029163871,0.0,0.0033863839649018786,0.3395698883348987,0.5015937339691888,0.22101757,0.0,0.5333333333333333,0.7952880772784174,0.0,0.0033588091532389323,0.7274443473134722,0.44285714285714284,0.72744435,0.0,0.0,0.0,0.0,0.003388786315917969,0.8618139640925682,0.3561643835616438,0.861814,0.0,0.0,0.0,0.0,0.0033157851598034165
pgexplainer,gin,0.1588449494558431,0.16522981066788947,0.044368718,0.0,0.6190476190476191,0.6637728429205273,0.0,0.0023543607620965866,0.36601599000749135,0.5583625779265449,0.2899518,0.0,0.6,0.9008794066936527,0.0,0.0023251624334426155,0.7242697443280901,0.4408163266522544,0.72426975,0.0,0.0,0.0,0.0,0.0023551804678780693,0.7737532735687412,0.3167910673846937,0.7737533,0.0,0.9863013698630136,0.0,0.0,0.0023141364528708264
