Dataset,,ba_2motif,ba_2motif,ba_2motif,ba_2motif,ba_2motif,ba_2motif,ba_2motif,ba_2motif,mutag,mutag,mutag,mutag,mutag,mutag,mutag,mutag
Metric,,accuracy,auroc,iou,fid+,fid-,unfaithfulness,characterization_score,inference_time,accuracy,auroc,iou,fid+,fid-,unfaithfulness,characterization_score,inference_time
Explainer,Model,,,,,,,,,,,,,,,,
pgexplainer,gcn,0.9947999972105026,0.9869999969005585,0.97400004,0.0,0.0,0.0,0.0,0.002193315029144287,0.8303077501409194,0.5,0.0,0.0,0.6176470588235294,0.0,0.0,0.0022091047436583276
pgexplainer,graphsage,0.9288000071048736,0.8482499849796296,0.6689999,0.0,0.21,0.0,0.0,0.001460881233215332,0.1699436310240451,0.500130718829585,0.16970219,0.9803921568627451,0.0,0.0,0.9900990099009901,0.0014606223386876723
pgexplainer,gat,0.9823999905586243,0.9559999895095825,0.9120001,0.0,0.44,0.0,0.0,0.002663064002990723,0.5331412200249878,0.7078002112753251,0.33149832,0.0,0.5882352941176471,0.0,0.0,0.0026380361295213887
pgexplainer,gin,0.7036000011861324,0.7367500045895576,0.4372992,0.0,0.55,0.0,0.0,0.0016303110122680665,0.48392795533964444,0.297527258448741,0.0025287892,0.00980392156862745,0.9607843137254902,0.0,0.01568627450980392,0.0016274522332584158
