Dataset,,ba_shapes,ba_shapes,ba_shapes,ba_shapes,ba_shapes,ba_shapes,ba_shapes,ba_shapes,ba_community,ba_community,ba_community,ba_community,ba_community,ba_community,ba_community,ba_community,tree_cycles,tree_cycles,tree_cycles,tree_cycles,tree_cycles,tree_cycles,tree_cycles,tree_cycles,tree_grid,tree_grid,tree_grid,tree_grid,tree_grid,tree_grid,tree_grid,tree_grid
Metric,,accuracy,auroc,iou,fid+,fid-,unfaithfulness,characterization_score,inference_time,accuracy,auroc,iou,fid+,fid-,unfaithfulness,characterization_score,inference_time,accuracy,auroc,iou,fid+,fid-,unfaithfulness,characterization_score,inference_time,accuracy,auroc,iou,fid+,fid-,unfaithfulness,characterization_score,inference_time
Explainer,Model,,,,,,,,,,,,,,,,,,,,,,,,,,,,,,,,
pgexplainer,gcn,0.40992937778078375,0.5037808545998165,0.40504515,0.0,0.5714285714285714,0.7365642329123581,0.0,0.0027701457341512046,0.336608011169093,0.5283954892839704,0.25648445,0.01904761904761905,0.6095238095238096,0.919842453304588,0.0363233665559247,0.0027972175961449033,0.7274443473134722,0.44285714285714284,0.72744435,0.0,0.0,0.0,0.0,0.002750274113246373,0.8618139640925682,0.3561643835616438,0.861814,0.0,0.0,0.0,0.0,0.0027384202774256875
pgexplainer,graphsage,0.40384192587364287,0.5,0.40384197,0.0,0.11904761904761904,0.24531844104681763,0.0,0.002070035253252302,0.30133514351078444,0.5221995149339949,0.2661143,0.0,0.7238095238095238,0.6722643585134003,0.0,0.0021042914617629277,0.7274443473134722,0.44285714285714284,0.72744435,0.0,0.0,0.0,0.0,0.002036905288696289,0.8618139640925682,0.3561643835616438,0.861814,0.0,0.0,0.0,0.0,0.0020518106957004493
pgexplainer,gat,0.40384192587364287,0.5,0.40384197,0.0,0.40476190476190477,0.7866263452562547,0.0,0.0032807929175240652,0.32622659188650904,0.4998840649922689,0.22140552,0.0,0.5333333333333333,0.7953488972304122,0.0,0.0032854625156947545,0.7274443473134722,0.44285714285714284,0.72744435,0.0,0.0,0.0,0.0,0.0031633785792759485,0.8618139640925682,0.3561643835616438,0.861814,0.0,0.0,0.0,0.0,0.0032321688247053592
pgexplainer,gin,0.1345129981637001,0.1311169990471431,0.06312066,0.0,0.6190476190476191,0.6637728430092311,0.0,0.002238199824378604,0.5365671763817469,0.6539864682015919,0.3652978,0.0,0.6,0.900879281114965,0.0,0.002242233639671689,0.7274443473134722,0.44285714285714284,0.72744435,0.0,0.02857142857142857,0.0,0.0,0.002227490288870675,0.5764958041988008,0.23120808172715854,0.5764958,0.0,0.9863013698630136,0.0,0.0,0.0021709971231957006
