Dataset,,ba_2motif,ba_2motif,ba_2motif,ba_2motif,ba_2motif,ba_2motif,ba_2motif,ba_2motif,mutag,mutag,mutag,mutag,mutag,mutag,mutag,mutag
Metric,,accuracy,auroc,iou,fid+,fid-,unfaithfulness,characterization_score,inference_time,accuracy,auroc,iou,fid+,fid-,unfaithfulness,characterization_score,inference_time
Explainer,Model,,,,,,,,,,,,,,,,
pgexplainer,gcn,0.9891999942064286,0.9729999935626984,0.94600004,0.0,0.0,0.0,0.0,0.002203664779663086,0.8295536023728988,0.4995737426421222,0.0,0.0,0.6176470588235294,0.0,0.0,0.0022243658701578775
pgexplainer,graphsage,0.961199979186058,0.9734999656677246,0.8373334,0.0,0.46,0.0,0.0,0.0014537501335144044,0.816506581271396,0.4927988426358092,0.004201681,0.0,0.9705882352941176,0.0,0.0,0.0014686070236505247
pgexplainer,gat,0.20040000289678572,0.5002499997615815,0.20008339,0.0,0.95,0.0,0.0,0.002646322250366211,0.6127413742098153,0.7495688915837044,0.43339205,0.0,0.5882352941176471,0.0,0.0,0.002665262596279967
pgexplainer,gin,0.688000000268221,0.7315000054240227,0.42874748,0.0,0.55,0.0,0.0,0.001628577709197998,0.22980720714172898,0.14761126771861433,0.003422295,0.0,0.9607843137254902,0.0,0.0,0.001637119872897279
