Dataset,,ba_shapes,ba_shapes,ba_shapes,ba_shapes,ba_shapes,ba_shapes,ba_shapes,ba_shapes,ba_community,ba_community,ba_community,ba_community,ba_community,ba_community,ba_community,ba_community,tree_cycles,tree_cycles,tree_cycles,tree_cycles,tree_cycles,tree_cycles,tree_cycles,tree_cycles,tree_grid,tree_grid,tree_grid,tree_grid,tree_grid,tree_grid,tree_grid,tree_grid
Metric,,accuracy,auroc,iou,fid+,fid-,unfaithfulness,characterization_score,inference_time,accuracy,auroc,iou,fid+,fid-,unfaithfulness,characterization_score,inference_time,accuracy,auroc,iou,fid+,fid-,unfaithfulness,characterization_score,inference_time,accuracy,auroc,iou,fid+,fid-,unfaithfulness,characterization_score,inference_time
Explainer,Model,,,,,,,,,,,,,,,,,,,,,,,,,,,,,,,,
pgexplainer,gcn,0.40384192587364287,0.5,0.40384197,0.0,0.5714285714285714,0.7365642487115803,0.0,0.0028287626448131745,0.36044654108229135,0.5310468492053804,0.24938412,0.009523809523809525,0.5904761904761905,0.9189713750165858,0.01861471861471862,0.002851431710379464,0.7274443473134722,0.44285714285714284,0.72744435,0.0,0.0,0.0,0.0,0.0028445584433419366,0.8618139640925682,0.3561643835616438,0.861814,0.0,0.0,0.0,0.0,0.0028620974658286735
pgexplainer,graphsage,0.40384192587364287,0.5,0.40384197,0.0,0.11904761904761904,0.2453060187926028,0.0,0.0020952678862072175,0.395617090236573,0.5463015351976667,0.26045477,0.009523809523809525,0.7238095238095238,0.6727624693477645,0.018412698412698415,0.0021108967917306083,0.7274443473134722,0.44285714285714284,0.72744435,0.0,0.0,0.0,0.0,0.002123471668788365,0.8618139640925682,0.3561643835616438,0.861814,0.0,0.0,0.0,0.0,0.002107287106448657
pgexplainer,gat,0.40384192587364287,0.5,0.40384197,0.0,0.40476190476190477,0.7866585980213824,0.0,0.0033363160632905505,0.3593454683820407,0.4998877959592002,0.20981498,0.0,0.5333333333333333,0.79528793949146,0.0,0.003383273170107887,0.7274443473134722,0.44285714285714284,0.72744435,0.0,0.0,0.0,0.0,0.003360400881086077,0.8618139640925682,0.3561643835616438,0.861814,0.0,0.0,0.0,0.0,0.0032801791413189616
pgexplainer,gin,0.11394125759778988,0.13608749219704241,0.081004746,0.0,0.6190476190476191,0.6637728426555286,0.0,0.002265952882312593,0.4187193744239353,0.5871733415694463,0.30509356,0.0,0.6,0.9008793902734253,0.0,0.0023579256875174387,0.7274443473134722,0.44285714285714284,0.72744435,0.0,0.0,0.0,0.0,0.0023191588265555245,0.7866631552372894,0.31776138691052996,0.7866632,0.0,0.9863013698630136,0.0,0.0,0.0023151783094014205
