Dataset,,ba_shapes,ba_shapes,ba_shapes,ba_shapes,ba_shapes,ba_shapes,ba_shapes,ba_shapes,ba_community,ba_community,ba_community,ba_community,ba_community,ba_community,ba_community,ba_community,tree_cycles,tree_cycles,tree_cycles,tree_cycles,tree_cycles,tree_cycles,tree_cycles,tree_cycles,tree_grid,tree_grid,tree_grid,tree_grid,tree_grid,tree_grid,tree_grid,tree_grid
Metric,,accuracy,auroc,iou,fid+,fid-,unfaithfulness,characterization_score,inference_time,accuracy,auroc,iou,fid+,fid-,unfaithfulness,characterization_score,inference_time,accuracy,auroc,iou,fid+,fid-,unfaithfulness,characterization_score,inference_time,accuracy,auroc,iou,fid+,fid-,unfaithfulness,characterization_score,inference_time
Explainer,Model,,,,,,,,,,,,,,,,,,,,,,,,,,,,,,,,
pgexplainer,gcn,0.5170738697052002,0.5755058810824439,0.4390634,0.0,0.5714285714285714,0.7365642427799425,0.0,0.0028200603666759675,0.3831101622609865,0.540169870853424,0.25395522,0.0,0.6,0.9195833675579245,0.0,0.0028652645292736234,0.7274443473134722,0.44285714285714284,0.72744435,0.0,0.0,0.0,0.0,0.002908461434500558,0.8618139640925682,0.3561643835616438,0.861814,0.0,0.0,0.0,0.0,0.0028291859038888593
pgexplainer,graphsage,0.40384192587364287,0.5,0.40384197,0.0,0.11904761904761904,0.24397649468197155,0.0,0.002108869098481678,0.3870900924716677,0.5429369537603288,0.25751448,0.009523809523809525,0.7238095238095238,0.6723284901414791,0.018412698412698415,0.002116914022536505,0.7274443473134722,0.44285714285714284,0.72744435,0.0,0.0,0.0,0.0,0.002135665076119559,0.8618139640925682,0.3561643835616438,0.861814,0.0,0.0,0.0,0.0,0.002151649292201212
pgexplainer,gat,0.40384192587364287,0.5,0.40384197,0.0,0.40476190476190477,0.7866105202230669,0.0,0.0033328930536905923,0.2725945673528172,0.47963555987392154,0.23805235,0.0,0.5333333333333333,0.7953420417095046,0.0,0.0033547832852318174,0.7274443473134722,0.44285714285714284,0.72744435,0.0,0.0,0.0,0.0,0.0033622332981654577,0.8618139640925682,0.3561643835616438,0.861814,0.0,0.0,0.0,0.0,0.0033267556804500212
pgexplainer,gin,0.10931769758462906,0.13754251847664514,0.07241293,0.0,0.6190476190476191,0.6637728428541179,0.0,0.0023384207770937963,0.42483978725615,0.5902090546630677,0.30978975,0.0,0.6,0.9008803882226742,0.0,0.002309456325712658,0.718889411006655,0.4395176257405962,0.7188894,0.0,0.0,0.0,0.0,0.00238652229309082,0.8486584367817396,0.34554648195227533,0.84865844,0.0,0.9863013698630136,0.0,0.0,0.0023313091225820046
