Dataset,,ba_2motif,ba_2motif,ba_2motif,ba_2motif,ba_2motif,ba_2motif,ba_2motif,ba_2motif,mutag,mutag,mutag,mutag,mutag,mutag,mutag,mutag
Metric,,accuracy,auroc,iou,fid+,fid-,unfaithfulness,characterization_score,inference_time,accuracy,auroc,iou,fid+,fid-,unfaithfulness,characterization_score,inference_time
Explainer,Model,,,,,,,,,,,,,,,,
pgexplainer,gcn,0.9847999918460846,0.961999990940094,0.924,0.0,0.0,0.0,0.0,0.002219130992889404,0.8303077501409194,0.5,0.0,0.0,0.6176470588235294,0.0,0.0,0.002263207061617982
pgexplainer,graphsage,0.9959999990463256,0.99299999833107,0.9813333,0.0,0.46,0.0,0.0,0.001464700698852539,0.1699436310240451,0.500130718829585,0.16970219,0.9803921568627451,0.0,0.0,0.9900990099009901,0.0014812759324616077
pgexplainer,gat,0.20200000271201135,0.5012499994039535,0.20043945,0.0,0.54,0.0,0.0,0.0026563453674316407,0.6164549421153817,0.751864322552494,0.43670893,0.0,0.5882352941176471,0.0,0.0,0.0026700403176101984
pgexplainer,gin,0.6956000028550625,0.7700000047683716,0.44903317,0.0,0.55,0.0,0.0,0.0016431617736816406,0.26761256602099714,0.1634887047842437,0.0,0.0,0.9607843137254902,0.0,0.0,0.0016736797257965686
