Dataset,,ba_shapes,ba_shapes,ba_shapes,ba_shapes,ba_shapes,ba_shapes,ba_shapes,ba_shapes,ba_community,ba_community,ba_community,ba_community,ba_community,ba_community,ba_community,ba_community,tree_cycles,tree_cycles,tree_cycles,tree_cycles,tree_cycles,tree_cycles,tree_cycles,tree_cycles,tree_grid,tree_grid,tree_grid,tree_grid,tree_grid,tree_grid,tree_grid,tree_grid
Metric,,accuracy,auroc,iou,fid+,fid-,unfaithfulness,characterization_score,inference_time,accuracy,auroc,iou,fid+,fid-,unfaithfulness,characterization_score,inference_time,accuracy,auroc,iou,fid+,fid-,unfaithfulness,characterization_score,inference_time,accuracy,auroc,iou,fid+,fid-,unfaithfulness,characterization_score,inference_time
Explainer,Model,,,,,,,,,,,,,,,,,,,,,,,,,,,,,,,,
pgexplainer,gcn,0.4104394849744581,0.5041446132319314,0.40523615,0.0,0.5714285714285714,0.7365642416712251,0.0,0.002700232324146089,0.38643262400513606,0.5430589656035105,0.25832975,0.0,0.6,0.9192328904373226,0.0,0.0027369748978387743,0.7274443473134722,0.44285714285714284,0.72744435,0.0,0.0,0.0,0.0,0.00268402099609375,0.8618139640925682,0.3561643835616438,0.861814,0.0,0.0,0.0,0.0,0.0027123934602084226
pgexplainer,graphsage,0.40384192587364287,0.5,0.40384197,0.0,0.11904761904761904,0.24532748270610769,0.0,0.002032296998160226,0.33021456485702877,0.5276788285800389,0.24974771,0.009523809523809525,0.7238095238095238,0.6731457300145676,0.018412698412698415,0.0020477476574125744,0.7274443473134722,0.44285714285714284,0.72744435,0.0,0.0,0.0,0.0,0.0019942828587123326,0.8618139640925682,0.3561643835616438,0.861814,0.0,0.0,0.0,0.0,0.002006207426933393
pgexplainer,gat,0.40384192587364287,0.5,0.40384197,0.0,0.40476190476190477,0.7865977610150973,0.0,0.0031734023775373188,0.2767727684407007,0.4803381723307428,0.23401502,0.0,0.5333333333333333,0.7954177800965097,0.0,0.003219422839936756,0.7274443473134722,0.44285714285714284,0.72744435,0.0,0.0,0.0,0.0,0.0032235554286411832,0.8618139640925682,0.3561643835616438,0.861814,0.0,0.0,0.0,0.0,0.0032128144616950047
pgexplainer,gin,0.11350034048692101,0.13476474086443582,0.08056383,0.0,0.6190476190476191,0.663772843142222,0.0,0.002211672919137137,0.42275502454666863,0.5865427570683616,0.31033313,0.0,0.6,0.9008800160152232,0.0,0.002189970016479492,0.7274443473134722,0.44285714285714284,0.72744435,0.0,0.0,0.0,0.0,0.002161823000226702,0.77823922323854,0.31930206450697496,0.7782392,0.0,0.9863013698630136,0.0,0.0,0.0022154474911624438
