Dataset,,ba_shapes,ba_shapes,ba_shapes,ba_shapes,ba_shapes,ba_shapes,ba_shapes,ba_shapes,ba_community,ba_community,ba_community,ba_community,ba_community,ba_community,ba_community,ba_community,tree_cycles,tree_cycles,tree_cycles,tree_cycles,tree_cycles,tree_cycles,tree_cycles,tree_cycles,tree_grid,tree_grid,tree_grid,tree_grid,tree_grid,tree_grid,tree_grid,tree_grid
Metric,,accuracy,auroc,iou,fid+,fid-,unfaithfulness,characterization_score,inference_time,accuracy,auroc,iou,fid+,fid-,unfaithfulness,characterization_score,inference_time,accuracy,auroc,iou,fid+,fid-,unfaithfulness,characterization_score,inference_time,accuracy,auroc,iou,fid+,fid-,unfaithfulness,characterization_score,inference_time
Explainer,Model,,,,,,,,,,,,,,,,,,,,,,,,,,,,,,,,
pgexplainer,gcn,0.4090681843282211,0.5033452638557979,0.40503865,0.0,0.5714285714285714,0.7365642461060945,0.0,0.0028524682635352725,0.37392959275415966,0.5361193418502808,0.250541,0.009523809523809525,0.6095238095238096,0.9199550199318911,0.018594104308390026,0.002878450212024507,0.7274443473134722,0.44285714285714284,0.72744435,0.0,0.0,0.0,0.0,0.00284313474382673,0.8618139640925682,0.3561643835616438,0.861814,0.0,0.0,0.0,0.0,0.0028178201962823736
pgexplainer,graphsage,0.40384192587364287,0.5,0.40384197,0.0,0.11904761904761904,0.24532370652568283,0.0,0.002159970147269113,0.3911310008593968,0.5439866199379876,0.2580868,0.009523809523809525,0.7238095238095238,0.6727210565260715,0.018412698412698415,0.0021292391277494883,0.7274443473134722,0.44285714285714284,0.72744435,0.0,0.0,0.0,0.0,0.002097163881574358,0.8618139640925682,0.3561643835616438,0.861814,0.0,0.0,0.0,0.0,0.0021053764918079116
pgexplainer,gat,0.40384192587364287,0.5,0.40384197,0.0,0.40476190476190477,0.7866254286574466,0.0,0.0033477601550874255,0.2954734835241522,0.4835741264479501,0.22363847,0.0,0.5333333333333333,0.7952662514456149,0.0,0.003377546582903181,0.7274443473134722,0.44285714285714284,0.72744435,0.0,0.0,0.0,0.0,0.003353677477155413,0.8618139640925682,0.3561643835616438,0.861814,0.0,0.0,0.0,0.0,0.003315945194192129
pgexplainer,gin,0.11286541983662617,0.1307964867779187,0.07992891,0.0,0.6190476190476191,0.6637728426099304,0.0,0.002282193728855678,0.4974799614577066,0.6344469394002642,0.34368977,0.0,0.6,0.9008792842336282,0.0,0.0022925989968436106,0.7229710434164319,0.4395176257405962,0.722971,0.0,0.0,0.0,0.0,0.002310412270682199,0.8073003416600293,0.32485218407356575,0.8073003,0.0,0.9863013698630136,0.0,0.0,0.0023779411838479236
