Dataset,,ba_2motif,ba_2motif,ba_2motif,ba_2motif,ba_2motif,ba_2motif,ba_2motif,ba_2motif,mutag,mutag,mutag,mutag,mutag,mutag,mutag,mutag
Metric,,accuracy,auroc,iou,fid+,fid-,unfaithfulness,characterization_score,inference_time,accuracy,auroc,iou,fid+,fid-,unfaithfulness,characterization_score,inference_time
Explainer,Model,,,,,,,,,,,,,,,,
pgexplainer,gcn,0.9791999906301498,0.9479999893903732,0.8960001,0.0,0.0,0.0,0.0,0.002145233154296875,0.7949176585557414,0.6890890589531731,0.3039183,0.19607843137254902,0.28431372549019607,0.0,0.30782205355260384,0.002214950673720416
pgexplainer,graphsage,0.9795999890565872,0.986499981880188,0.91466665,0.0,0.47,0.0,0.0,0.0014206671714782715,0.20806655605487964,0.3140663300074783,0.09144217,0.029411764705882353,0.7647058823529411,0.0,0.05228758169934641,0.0014752640443689684
pgexplainer,gat,0.8132000008225441,0.8832499986886978,0.71152395,0.0,0.57,0.0,0.0,0.002580423355102539,0.5442043528252957,0.4960153516308934,0.24021135,0.0,0.5882352941176471,0.0,0.0,0.002651555865418677
pgexplainer,gin,0.5336000001430512,0.6987500023841858,0.33608904,0.0,0.55,0.0,0.0,0.0015732574462890626,0.45321649112099527,0.27533506923446466,0.0006127451,0.0,0.9607843137254902,0.0,0.0,0.0016429751527075674
