Dataset,,ba_2motif,ba_2motif,ba_2motif,ba_2motif,ba_2motif,ba_2motif,ba_2motif,ba_2motif
Metric,,accuracy,auroc,iou,fid+,fid-,unfaithfulness,characterization_score,inference_time
Explainer,Model,,,,,,,,
pgexplainer,gcn,0.2056000028550625,0.5035000002384186,0.20254551,0.0,0.0,0.0,0.0,0.0021678876876831056
pgexplainer,graphsage,0.18800000101327896,0.47000000178813933,0.18800005,0.0,0.6,0.0,0.0,0.0014363837242126465
pgexplainer,gat,0.20000000298023224,0.5,0.20000006,0.0,0.0,0.0,0.0,0.0026069903373718262
pgexplainer,gin,0.9651999980211258,0.9714999914169311,0.8734961,0.0,0.14,0.0,0.0,0.0016199827194213867
