Dataset,,ba_shapes,ba_shapes,ba_shapes,ba_shapes,ba_shapes,ba_shapes,ba_shapes,ba_shapes,ba_community,ba_community,ba_community,ba_community,ba_community,ba_community,ba_community,ba_community,tree_cycles,tree_cycles,tree_cycles,tree_cycles,tree_cycles,tree_cycles,tree_cycles,tree_cycles,tree_grid,tree_grid,tree_grid,tree_grid,tree_grid,tree_grid,tree_grid,tree_grid
Metric,,accuracy,auroc,iou,fid+,fid-,unfaithfulness,characterization_score,inference_time,accuracy,auroc,iou,fid+,fid-,unfaithfulness,characterization_score,inference_time,accuracy,auroc,iou,fid+,fid-,unfaithfulness,characterization_score,inference_time,accuracy,auroc,iou,fid+,fid-,unfaithfulness,characterization_score,inference_time
Explainer,Model,,,,,,,,,,,,,,,,,,,,,,,,,,,,,,,,
pgexplainer,gcn,0.41312134221550967,0.5057892373629979,0.4057506,0.0,0.5714285714285714,0.7365642494100723,0.0,0.002909972554161435,0.40748626682020367,0.5369881610075633,0.24267562,0.01904761904761905,0.6,0.9193515397787551,0.03636363636363637,0.002943050293695359,0.7274443473134722,0.44285714285714284,0.72744435,0.0,0.0,0.0,0.0,0.0028592450278145925,0.8618139640925682,0.3561643835616438,0.861814,0.0,0.0,0.0,0.0,0.002861333219972375
pgexplainer,graphsage,0.40384192587364287,0.5,0.40384197,0.0,0.11904761904761904,0.24520408602672564,0.0,0.0021583352770124164,0.3991061661924635,0.5221572484288897,0.22139044,0.0,0.7238095238095238,0.6724022443259032,0.0,0.0021922225043887185,0.7274443473134722,0.44285714285714284,0.72744435,0.0,0.0,0.0,0.0,0.0021282877240862163,0.8618139640925682,0.3561643835616438,0.861814,0.0,0.0,0.0,0.0,0.0021197763207840593
pgexplainer,gat,0.40384192587364287,0.5,0.40384197,0.0,0.40476190476190477,0.7866251508572272,0.0,0.0034404595692952475,0.32581076306246576,0.4859325337268057,0.21406506,0.0,0.5333333333333333,0.7952699504703993,0.0,0.003380516597202846,0.7274443473134722,0.44285714285714284,0.72744435,0.0,0.0,0.0,0.0,0.0033210413796561106,0.8618139640925682,0.3561643835616438,0.861814,0.0,0.0,0.0,0.0,0.003337582496747579
pgexplainer,gin,0.19132325088693983,0.2098668332965601,0.052373473,0.0,0.6190476190476191,0.6637728415462754,0.0,0.0023430358795892624,0.4302179210242771,0.592865196296147,0.31076372,0.0,0.6,0.900879333949913,0.0,0.002346710931687128,0.7274443473134722,0.44285714285714284,0.72744435,0.0,0.0,0.0,0.0,0.0023310116359165738,0.7537982429135336,0.30361199011541395,0.75379825,0.0,0.9863013698630136,0.0,0.0,0.002355115054404899
