Dataset,,ba_2motif,ba_2motif,ba_2motif,ba_2motif,ba_2motif,ba_2motif,ba_2motif,ba_2motif
Metric,,accuracy,auroc,iou,fid+,fid-,unfaithfulness,characterization_score,inference_time
Explainer,Model,,,,,,,,
pgexplainer,gcn,0.20120000287890435,0.5007499998807907,0.20027278,0.0,0.0,0.0,0.0,0.0021357655525207518
pgexplainer,graphsage,0.20000000298023224,0.5,0.20000006,0.0,0.6,0.0,0.0,0.0014144396781921387
pgexplainer,gat,0.20000000298023224,0.5,0.20000006,0.0,0.0,0.0,0.0,0.0025963950157165527
pgexplainer,gin,0.8380000007152557,0.8980000019073486,0.6053569,0.0,0.12,0.0,0.0,0.0016004252433776856
