Dataset,,ba_2motif,ba_2motif,ba_2motif,ba_2motif,ba_2motif,ba_2motif,ba_2motif,ba_2motif
Metric,,accuracy,auroc,iou,fid+,fid-,unfaithfulness,characterization_score,inference_time
Explainer,Model,,,,,,,,
pgexplainer,gcn,0.2052000032365322,0.5032499998807907,0.2021667,0.0,0.0,0.0,0.0,0.002123725414276123
pgexplainer,graphsage,0.20000000298023224,0.5,0.20000006,0.0,0.6,0.0,0.0,0.0014353275299072265
pgexplainer,gat,0.20000000298023224,0.5,0.20000006,0.0,0.0,0.0,0.0,0.002620534896850586
pgexplainer,gin,0.9651999980211258,0.9662499916553497,0.8703294,0.0,0.13,0.0,0.0,0.0015672731399536133
