Dataset,,ba_2motif,ba_2motif,ba_2motif,ba_2motif,ba_2motif,ba_2motif,ba_2motif,ba_2motif,mutag,mutag,mutag,mutag,mutag,mutag,mutag,mutag
Metric,,accuracy,auroc,iou,fid+,fid-,unfaithfulness,characterization_score,inference_time,accuracy,auroc,iou,fid+,fid-,unfaithfulness,characterization_score,inference_time
Explainer,Model,,,,,,,,,,,,,,,,
pgexplainer,gcn,0.9855999922752381,0.9639999914169312,0.92800003,0.0,0.0,0.0,0.0,0.0021949315071105955,0.821495975933823,0.4946524781339309,0.0,0.0,0.6176470588235294,0.0,0.0,0.00220341308444154
pgexplainer,graphsage,0.9975999987125397,0.9984999978542328,0.99,0.0,0.49,0.0,0.0,0.00145599365234375,0.1699436310240451,0.500130718829585,0.16970219,0.9803921568627451,0.0,0.0,0.9900990099009901,0.001461636786367379
pgexplainer,gat,0.9807999974489212,0.9872499972581863,0.9384185,0.0,0.96,0.0,0.0,0.002653200626373291,0.5324640437668445,0.4569149912864554,0.1726094,0.0,0.5882352941176471,0.0,0.0,0.002646462590086694
pgexplainer,gin,0.4476000003516674,0.6427500000596047,0.28527325,0.0,0.55,0.0,0.0,0.0016408896446228028,0.4408475773810756,0.266857567078927,0.0,0.0,0.9607843137254902,0.0,0.0,0.0016251124587713503
