Dataset,,ba_2motif,ba_2motif,ba_2motif,ba_2motif,ba_2motif,ba_2motif,ba_2motif,ba_2motif,mutag,mutag,mutag,mutag,mutag,mutag,mutag,mutag
Metric,,accuracy,auroc,iou,fid+,fid-,unfaithfulness,characterization_score,inference_time,accuracy,auroc,iou,fid+,fid-,unfaithfulness,characterization_score,inference_time
Explainer,Model,,,,,,,,,,,,,,,,
pgexplainer,gcn,0.984799992442131,0.9619999915361405,0.924,0.0,0.0,0.0,0.0,0.0022096633911132812,0.8303077501409194,0.5,0.0,0.0,0.6176470588235294,0.0,0.0,0.0022155350329829196
pgexplainer,graphsage,0.9607999801635743,0.9739999663829804,0.8369525,0.0,0.57,0.0,0.0,0.0014578914642333985,0.1699436310240451,0.500130718829585,0.16970219,0.9803921568627451,0.0,0.0,0.9900990099009901,0.0014810982872458065
pgexplainer,gat,0.6908000014722347,0.8067500001192093,0.62266016,0.0,0.95,0.0,0.0,0.002641966342926025,0.5239898431315726,0.49114972688988145,0.22262463,0.0,0.5882352941176471,0.0,0.0,0.002662354824589748
pgexplainer,gin,0.485599999576807,0.6672500006854534,0.30882168,0.0,0.55,0.0,0.0,0.0016121840476989746,0.468908496091471,0.3298758636502659,0.04037426,0.0,0.9607843137254902,0.0,0.0,0.0016531032674452838
