Dataset,,ba_shapes,ba_shapes,ba_shapes,ba_shapes,ba_shapes,ba_shapes,ba_shapes,ba_shapes,ba_community,ba_community,ba_community,ba_community,ba_community,ba_community,ba_community,ba_community,tree_cycles,tree_cycles,tree_cycles,tree_cycles,tree_cycles,tree_cycles,tree_cycles,tree_cycles,tree_grid,tree_grid,tree_grid,tree_grid,tree_grid,tree_grid,tree_grid,tree_grid
Metric,,accuracy,auroc,iou,fid+,fid-,unfaithfulness,characterization_score,inference_time,accuracy,auroc,iou,fid+,fid-,unfaithfulness,characterization_score,inference_time,accuracy,auroc,iou,fid+,fid-,unfaithfulness,characterization_score,inference_time,accuracy,auroc,iou,fid+,fid-,unfaithfulness,characterization_score,inference_time
Explainer,Model,,,,,,,,,,,,,,,,,,,,,,,,,,,,,,,,
pgexplainer,gcn,0.45593357405492235,0.5332448312214443,0.41756302,0.0,0.5714285714285714,0.7365642466604532,0.0,0.002820548557099842,0.36851240339733304,0.5344622149353936,0.25011325,0.0,0.5904761904761905,0.9193453067030548,0.0,0.0029118197304861884,0.7274443473134722,0.44285714285714284,0.72744435,0.0,0.0,0.0,0.0,0.0027960709163120817,0.8618139640925682,0.3561643835616438,0.861814,0.0,0.0,0.0,0.0,0.0027567327839054475
pgexplainer,graphsage,0.40384192587364287,0.5,0.40384197,0.0,0.11904761904761904,0.24532821720709935,0.0,0.002084584463210333,0.38224674605187914,0.5417398401669093,0.25365818,0.009523809523809525,0.7238095238095238,0.6722846945897063,0.018412698412698415,0.0021657080877394903,0.7274443473134722,0.44285714285714284,0.72744435,0.0,0.0,0.0,0.0,0.0020952565329415457,0.8618139640925682,0.3561643835616438,0.861814,0.0,0.0,0.0,0.0,0.0020289845662574244
pgexplainer,gat,0.40384192587364287,0.5,0.40384197,0.0,0.40476190476190477,0.78662633319341,0.0,0.0033471697852725073,0.3471712804621174,0.500703238589423,0.21608695,0.0,0.5333333333333333,0.7953670855611563,0.0,0.0033718835739862353,0.7274443473134722,0.44285714285714284,0.72744435,0.0,0.0,0.0,0.0,0.0032454013824462892,0.8618139640925682,0.3561643835616438,0.861814,0.0,0.0,0.0,0.0,0.003238674712507692
pgexplainer,gin,0.11362379727264245,0.13410336515378385,0.080687284,0.0,0.6190476190476191,0.6637728411687538,0.0,0.0023264146986461823,0.43382450824692137,0.595867190190724,0.31202734,0.0,0.6,0.900879380138969,0.0,0.002307741982596261,0.7274443473134722,0.44285714285714284,0.72744435,0.0,0.0,0.0,0.0,0.0022445951189313616,0.7335146336931072,0.29894751473648906,0.7335146,0.0,0.9863013698630136,0.0,0.0,0.002238672073573282
