Dataset,,ba_shapes,ba_shapes,ba_shapes,ba_shapes,ba_shapes,ba_shapes,ba_shapes,ba_shapes,ba_community,ba_community,ba_community,ba_community,ba_community,ba_community,ba_community,ba_community,tree_cycles,tree_cycles,tree_cycles,tree_cycles,tree_cycles,tree_cycles,tree_cycles,tree_cycles,tree_grid,tree_grid,tree_grid,tree_grid,tree_grid,tree_grid,tree_grid,tree_grid
Metric,,accuracy,auroc,iou,fid+,fid-,unfaithfulness,characterization_score,inference_time,accuracy,auroc,iou,fid+,fid-,unfaithfulness,characterization_score,inference_time,accuracy,auroc,iou,fid+,fid-,unfaithfulness,characterization_score,inference_time,accuracy,auroc,iou,fid+,fid-,unfaithfulness,characterization_score,inference_time
Explainer,Model,,,,,,,,,,,,,,,,,,,,,,,,,,,,,,,,
pgexplainer,gcn,0.40789166279137135,0.5025472981589181,0.4046798,0.0,0.5714285714285714,0.7365642411168665,0.0,0.0027645372209094818,0.33840867515121187,0.5296869871162233,0.2562482,0.01904761904761905,0.6095238095238096,0.9201612152193575,0.0363233665559247,0.0027532100677490233,0.7274443473134722,0.44285714285714284,0.72744435,0.0,0.0,0.0,0.0,0.002682610920497349,0.8618139640925682,0.3561643835616438,0.861814,0.0,0.0,0.0,0.0,0.0026899853797808086
pgexplainer,graphsage,0.40384192587364287,0.5,0.40384197,0.0,0.11904761904761904,0.24532805571687363,0.0,0.0020469086510794504,0.4150933203243074,0.5428933313914708,0.25253218,0.0380952380952381,0.7238095238095238,0.6744156434862816,0.06695526695526696,0.0020335560753231958,0.7274443473134722,0.44285714285714284,0.72744435,0.0,0.0,0.0,0.0,0.00199869019644601,0.8618139640925682,0.3561643835616438,0.861814,0.0,0.0,0.0,0.0,0.0019851612718137976
pgexplainer,gat,0.40384192587364287,0.5,0.40384197,0.0,0.40476190476190477,0.7866211631113574,0.0,0.0032073883783249628,0.34684051917422387,0.49946890146959394,0.2143931,0.0,0.5333333333333333,0.7953264475755748,0.0,0.0032876559666224887,0.7274443473134722,0.44285714285714284,0.72744435,0.0,0.0,0.0,0.0,0.0031567301068987164,0.8618139640925682,0.3561643835616438,0.861814,0.0,0.0,0.0,0.0,0.0031576646517400874
pgexplainer,gin,0.18812385649375973,0.18733865430667287,0.045276675,0.0,0.6190476190476191,0.663772841723643,0.0,0.0021920715059552875,0.5871665560063861,0.6853947182496388,0.3949903,0.0,0.6,0.900879287575525,0.0,0.0021968160356794085,0.7274443473134722,0.44285714285714284,0.72744435,0.0,0.0,0.0,0.0,0.0021824496132986887,0.7227013631634516,0.29588434957478144,0.7227014,0.0,0.9863013698630136,0.0,0.0,0.00217482815050099
