Dataset,,ba_2motif,ba_2motif,ba_2motif,ba_2motif,ba_2motif,ba_2motif,ba_2motif,ba_2motif,mutag,mutag,mutag,mutag,mutag,mutag,mutag,mutag
Metric,,accuracy,auroc,iou,fid+,fid-,unfaithfulness,characterization_score,inference_time,accuracy,auroc,iou,fid+,fid-,unfaithfulness,characterization_score,inference_time
Explainer,Model,,,,,,,,,,,,,,,,
pgexplainer,gcn,0.9883999943733215,0.9709999936819077,0.942,0.0,0.0,0.0,0.0,0.0021474194526672364,0.8303077501409194,0.5,0.0,0.0,0.6176470588235294,0.0,0.0,0.002136062173282399
pgexplainer,graphsage,0.9599999815225602,0.9742499673366547,0.8353811,0.0,0.48,0.0,0.0,0.001405820846557617,0.1699436310240451,0.500130718829585,0.16970219,0.9803921568627451,0.0,0.0,0.9900990099009901,0.0014595704920151655
pgexplainer,gat,0.5808000010251999,0.7379999989271164,0.5723928,0.0,0.95,0.0,0.0,0.002579982280731201,0.542208831830352,0.4948007693769885,0.24085681,0.0,0.5882352941176471,0.0,0.0,0.002645137263279335
pgexplainer,gin,0.6900000004470348,0.7447500026226044,0.4340147,0.0,0.55,0.0,0.0,0.001590437889099121,0.7753329797118318,0.4673313963062623,0.0,0.0,0.9607843137254902,0.0,0.0,0.0016180580737544042
