Dataset,,ba_2motif,ba_2motif,ba_2motif,ba_2motif,ba_2motif,ba_2motif,ba_2motif,ba_2motif,mutag,mutag,mutag,mutag,mutag,mutag,mutag,mutag
Metric,,accuracy,auroc,iou,fid+,fid-,unfaithfulness,characterization_score,inference_time,accuracy,auroc,iou,fid+,fid-,unfaithfulness,characterization_score,inference_time
Explainer,Model,,,,,,,,,,,,,,,,
random_explainer,gcn,0.5015999990701675,0.5130000063776969,0.17405646,0.01,0.0,0.0,0.019801980198019802,0.0002546405792236328,0.4861795798528428,0.47810033664983864,0.13764764,0.5490196078431373,0.5686274509803921,0.0,0.4831372549019608,0.0002557483373903761
random_explainer,graphsage,0.5119999980926514,0.5143000051379204,0.16869125,0.05,0.05,0.0,0.09499999999999999,0.00026053667068481445,0.4904953984945428,0.4973106385007793,0.13760169,0.6764705882352942,0.6176470588235294,0.0,0.48856209150326796,0.00025920306935029873
random_explainer,gat,0.4935999993979931,0.4819000049307942,0.17653573,0.06,0.05,0.0,0.11287128712871286,0.0002547907829284668,0.5052724758199617,0.5254180170595646,0.15598379,0.5882352941176471,0.5490196078431373,0.0,0.5105438401775805,0.0002561176524442785
random_explainer,gin,0.4903999997675419,0.48630000583827493,0.15755934,0.07,0.07,0.0,0.1302,0.00032699108123779297,0.5212041320754033,0.5322862226589054,0.15756498,0.8725490196078431,0.8529411764705882,0.0,0.25169683257918557,0.0003276175143671971
