Dataset,,ba_2motif,ba_2motif,ba_2motif,ba_2motif,ba_2motif,ba_2motif,ba_2motif,ba_2motif,mutag,mutag,mutag,mutag,mutag,mutag,mutag,mutag
Metric,,accuracy,auroc,iou,fid+,fid-,unfaithfulness,characterization_score,inference_time,accuracy,auroc,iou,fid+,fid-,unfaithfulness,characterization_score,inference_time
Explainer,Model,,,,,,,,,,,,,,,,
random_explainer,gcn,0.50039999589324,0.4877000044286251,0.15936643,0.0,0.0,0.0,0.0,0.00025575637817382813,0.49468743362847495,0.4947974155930912,0.13622265,0.6078431372549019,0.5490196078431373,0.0,0.5177923021060276,0.00026028997757855584
random_explainer,graphsage,0.49839999943971636,0.49530000656843187,0.17173189,0.11,0.05,0.0,0.1971698113207547,0.00026100873947143555,0.5090724901825774,0.5284414133604836,0.14888705,0.6862745098039216,0.6764705882352942,0.0,0.4397487150199886,0.00026168542749741496
random_explainer,gat,0.49600000247359277,0.4875000056624412,0.16204478,0.04,0.09,0.0,0.07663157894736843,0.00025670051574707033,0.49264733464110133,0.49018965354737115,0.14376272,0.5294117647058824,0.5784313725490197,0.0,0.4693753790175864,0.0002554234336404239
random_explainer,gin,0.5147999998927116,0.5131000101566314,0.18285179,0.05,0.15,0.0,0.09444444444444444,0.00032827138900756833,0.5126099343977722,0.5179205701193389,0.14616252,0.8725490196078431,0.8431372549019608,0.0,0.26591970121381886,0.0003284963906980028
