Dataset,,ba_2motif,ba_2motif,ba_2motif,ba_2motif,ba_2motif,ba_2motif,ba_2motif,ba_2motif,mutag,mutag,mutag,mutag,mutag,mutag,mutag,mutag
Metric,,accuracy,auroc,iou,fid+,fid-,unfaithfulness,characterization_score,inference_time,accuracy,auroc,iou,fid+,fid-,unfaithfulness,characterization_score,inference_time
Explainer,Model,,,,,,,,,,,,,,,,
random_explainer,gcn,0.5023999981582165,0.5105000020563603,0.17427306,0.0,0.0,0.0,0.0,0.00025077581405639647,0.4950172234984005,0.507513000684626,0.14694713,0.6176470588235294,0.5490196078431373,0.0,0.5213167835941716,0.00025440431108661725
random_explainer,graphsage,0.5015999975800515,0.5046000042557717,0.1677941,0.07,0.08,0.0,0.1301010101010101,0.00026008844375610354,0.4971608827803649,0.49132253557407096,0.14077167,0.696078431372549,0.6372549019607843,0.0,0.4769426289034132,0.00026295699325262333
random_explainer,gat,0.5087999995052814,0.5165000081062316,0.18185875,0.07,0.08,0.0,0.1301010101010101,0.00025426626205444337,0.5169623193203234,0.4954793016408004,0.15024029,0.5,0.5980392156862745,0.0,0.44565217391304346,0.0002537965774536133
random_explainer,gin,0.49839999943971636,0.4898000055551529,0.16219488,0.09,0.06,0.0,0.1642718446601942,0.00032518863677978517,0.49819006843894137,0.48220034078786184,0.14506146,0.8823529411764706,0.8529411764705882,0.0,0.2521008403361345,0.0003262010275148878
