Dataset,,ba_2motif,ba_2motif,ba_2motif,ba_2motif,ba_2motif,ba_2motif,ba_2motif,ba_2motif,mutag,mutag,mutag,mutag,mutag,mutag,mutag,mutag
Metric,,accuracy,auroc,iou,fid+,fid-,unfaithfulness,characterization_score,inference_time,accuracy,auroc,iou,fid+,fid-,unfaithfulness,characterization_score,inference_time
Explainer,Model,,,,,,,,,,,,,,,,
random_explainer,gcn,0.49519999846816065,0.4933000048995018,0.16691667,0.0,0.0,0.0,0.0,0.0002589058876037598,0.5030000405568703,0.5062096399419448,0.14981616,0.6176470588235294,0.5588235294117647,0.0,0.5147058823529412,0.00025191727806540094
random_explainer,graphsage,0.5027999994158745,0.49140000954270363,0.166758,0.06,0.08,0.0,0.1126530612244898,0.00026033639907836916,0.49013233944481494,0.48776739623908905,0.13292399,0.6078431372549019,0.6568627450980392,0.0,0.4386496866787953,0.0002611197677313113
random_explainer,gat,0.4847999991476536,0.47860000379383566,0.15697342,0.09,0.02,0.0,0.16485981308411216,0.0002535581588745117,0.49878765934822605,0.48583943674377367,0.13990128,0.5392156862745098,0.5490196078431373,0.0,0.491166763735197,0.0002561784258075789
random_explainer,gin,0.4867999988794327,0.4842000043392181,0.16881008,0.09,0.08,0.0,0.16396039603960397,0.0003226017951965332,0.5049645845212188,0.49855947764772995,0.14955881,0.8529411764705882,0.8725490196078431,0.0,0.22176470588235292,0.0003284706788904527
