Dataset,,medref,medref,medref,medref,medref,cora,cora,cora,cora,cora
Metric,,fid+,fid-,unfaithfulness,characterization_score,inference_time,fid+,fid-,unfaithfulness,characterization_score,inference_time
Explainer,Model,,,,,,,,,,
random_explainer,gcn,0.03,0.03,0.0,0.05819999999999999,0.0002540040016174316,0.215,0.225,0.0,0.3366161616161616,0.00025505661964416506
random_explainer,graphsage,0.025,0.025,0.0,0.048749999999999995,0.00026174545288085936,0.11,0.115,0.0,0.195678391959799,0.00024105072021484374
random_explainer,gat,0.03,0.03,0.0,0.05819999999999999,0.0002553844451904297,0.075,0.07,0.0,0.13880597014925372,0.00025524616241455076
random_explainer,gin,0.03,0.03,0.0,0.05819999999999999,0.0003093898296356201,0.145,0.115,0.0,0.2491747572815534,0.0002818739414215088
