Dataset,,medref,medref,medref,medref,medref,cora,cora,cora,cora,cora
Metric,,fid+,fid-,unfaithfulness,characterization_score,inference_time,fid+,fid-,unfaithfulness,characterization_score,inference_time
Explainer,Model,,,,,,,,,,
random_explainer,gcn,0.03,0.025,0.0,0.05820895522388059,0.00026152133941650393,0.21,0.2,0.0,0.3326732673267327,0.00025707006454467774
random_explainer,graphsage,0.025,0.025,0.0,0.048749999999999995,0.000268474817276001,0.135,0.105,0.0,0.23461165048543695,0.0005080091953277588
random_explainer,gat,0.03,0.03,0.0,0.05819999999999999,0.0002655529975891113,0.09,0.08,0.0,0.16396039603960397,0.00032854557037353515
random_explainer,gin,0.04,0.035,0.0,0.07681592039800995,0.0003133666515350342,0.145,0.125,0.0,0.24877450980392155,0.00028249144554138184
