Dataset,,ba_2motif,ba_2motif,ba_2motif,ba_2motif,ba_2motif,ba_2motif,ba_2motif,ba_2motif,mutag,mutag,mutag,mutag,mutag,mutag,mutag,mutag
Metric,,accuracy,auroc,iou,fid+,fid-,unfaithfulness,characterization_score,inference_time,accuracy,auroc,iou,fid+,fid-,unfaithfulness,characterization_score,inference_time
Explainer,Model,,,,,,,,,,,,,,,,
random_explainer,gcn,0.4900000001490116,0.47980000749230384,0.16308418,0.01,0.0,0.0,0.019801980198019802,0.00025810956954956053,0.4942375872941578,0.4803148941958652,0.13559029,0.5392156862745098,0.5490196078431373,0.0,0.491166763735197,0.00025533461103252337
random_explainer,graphsage,0.4783999978005886,0.47730000771582126,0.1634491,0.04,0.04,0.0,0.0768,0.0002561140060424805,0.4995523765683174,0.507242755124382,0.14424025,0.6470588235294118,0.6862745098039216,0.0,0.4225690276110445,0.00025660150191363166
random_explainer,gat,0.49079999938607216,0.503000009059906,0.1738393,0.03,0.05,0.0,0.058163265306122446,0.0002515268325805664,0.47726108367536585,0.4650972736086331,0.12909909,0.5784313725490197,0.5196078431372549,0.0,0.5248729121278141,0.0002543201633528167
random_explainer,gin,0.5131999982893467,0.49940000861883166,0.17174004,0.05,0.06,0.0,0.09494949494949495,0.0003254842758178711,0.4982631373054841,0.5018670756150695,0.14914344,0.8627450980392157,0.8529411764705882,0.0,0.2512849800114221,0.0003264838573979396
