Dataset,,medref,medref,medref,medref,medref,cora,cora,cora,cora,cora
Metric,,fid+,fid-,unfaithfulness,characterization_score,inference_time,fid+,fid-,unfaithfulness,characterization_score,inference_time
Explainer,Model,,,,,,,,,,
random_explainer,gcn,0.025,0.035,0.0,0.04873737373737373,0.00025402665138244627,0.19,0.175,0.0,0.3088669950738916,0.00025241851806640626
random_explainer,graphsage,0.025,0.025,0.0,0.048749999999999995,0.00026396870613098144,0.125,0.115,0.0,0.2190594059405941,0.00023977041244506835
random_explainer,gat,0.03,0.03,0.0,0.05819999999999999,0.00025644421577453614,0.075,0.065,0.0,0.13886138613861387,0.00025621175765991214
random_explainer,gin,0.035,0.03,0.0,0.06756218905472637,0.0003099191188812256,0.12,0.155,0.0,0.21015544041450773,0.00028054356575012206
