Dataset,,ba_2motif,ba_2motif,ba_2motif,ba_2motif,ba_2motif,ba_2motif,ba_2motif,ba_2motif,mutag,mutag,mutag,mutag,mutag,mutag,mutag,mutag
Metric,,accuracy,auroc,iou,fid+,fid-,unfaithfulness,characterization_score,inference_time,accuracy,auroc,iou,fid+,fid-,unfaithfulness,characterization_score,inference_time
Explainer,Model,,,,,,,,,,,,,,,,
random_explainer,gcn,0.49759999722242354,0.506500004529953,0.1749297,0.0,0.0,0.0,0.0,0.0002578854560852051,0.49276038493011515,0.48144830924038795,0.13665856,0.6274509803921569,0.5196078431372549,0.0,0.5441610272427555,0.0002535511465633617
random_explainer,graphsage,0.49759999722242354,0.5019000083208084,0.17609604,0.05,0.06,0.0,0.09494949494949495,0.0002586984634399414,0.4937122288872214,0.5028152376705525,0.1345719,0.6666666666666666,0.6470588235294118,0.0,0.46153846153846145,0.0002617532131718654
random_explainer,gat,0.49559999749064443,0.5098000124096871,0.17661093,0.06,0.02,0.0,0.11307692307692307,0.00025342702865600587,0.5025997556307736,0.48366614694104476,0.13737936,0.5098039215686274,0.6470588235294118,0.0,0.4171122994652406,0.00025861403521369486
random_explainer,gin,0.4983999973535538,0.49750000678002837,0.16435958,0.07,0.04,0.0,0.1304854368932039,0.00032618045806884763,0.4949487574836787,0.5037139852111246,0.14404549,0.8921568627450981,0.8725490196078431,0.0,0.2230392156862745,0.00032855950149835323
