Dataset,,ba_2motif,ba_2motif,ba_2motif,ba_2motif,ba_2motif,ba_2motif,ba_2motif,ba_2motif,mutag,mutag,mutag,mutag,mutag,mutag,mutag,mutag
Metric,,accuracy,auroc,iou,fid+,fid-,unfaithfulness,characterization_score,inference_time,accuracy,auroc,iou,fid+,fid-,unfaithfulness,characterization_score,inference_time
Explainer,Model,,,,,,,,,,,,,,,,
random_explainer,gcn,0.4803999997675419,0.4781000058352947,0.15460938,0.0,0.0,0.0,0.0,0.0002584338188171387,0.47724732435217093,0.4768374833990546,0.122786604,0.5490196078431373,0.5882352941176471,0.0,0.47058823529411764,0.00025996039895450365
random_explainer,graphsage,0.5127999977767468,0.5119000101089477,0.1816623,0.03,0.06,0.0,0.05814432989690722,0.00026094913482666016,0.4990313780658385,0.5097951685242793,0.14494418,0.696078431372549,0.6078431372549019,0.0,0.5016781487369723,0.00026018713034835515
random_explainer,gat,0.5059999965131283,0.498500005453825,0.16215147,0.04,0.06,0.0,0.07673469387755102,0.00025758743286132815,0.5124597051272205,0.5114197885142822,0.15136687,0.6176470588235294,0.49019607843137253,0.0,0.5585677749360614,0.00026504899941238704
random_explainer,gin,0.49959999933838845,0.4829000051319599,0.16624685,0.04,0.06,0.0,0.07673469387755102,0.0003294682502746582,0.48809551038578447,0.4761892795270565,0.1280637,0.9215686274509803,0.8627450980392157,0.0,0.23892519970951334,0.0003297843185125613
