Dataset,,ba_2motif,ba_2motif,ba_2motif,ba_2motif,ba_2motif,ba_2motif,ba_2motif,ba_2motif,mutag,mutag,mutag,mutag,mutag,mutag,mutag,mutag
Metric,,accuracy,auroc,iou,fid+,fid-,unfaithfulness,characterization_score,inference_time,accuracy,auroc,iou,fid+,fid-,unfaithfulness,characterization_score,inference_time
Explainer,Model,,,,,,,,,,,,,,,,
random_explainer,gcn,0.49839999943971636,0.49360000640153884,0.17018496,0.0,0.0,0.0,0.0,0.0002640938758850098,0.5038448678804379,0.5117743904976284,0.14608553,0.5980392156862745,0.6274509803921569,0.0,0.4591008120419885,0.0002583779540716433
random_explainer,graphsage,0.48999999836087227,0.4754000100493431,0.15897593,0.06,0.05,0.0,0.11287128712871286,0.000266718864440918,0.4986661099920086,0.5152648818843505,0.15062973,0.6764705882352942,0.6568627450980392,0.0,0.455316742081448,0.0002604512607350069
random_explainer,gat,0.512399999499321,0.5161000037938357,0.18151616,0.07,0.08,0.0,0.1301010101010101,0.0002537822723388672,0.49634203548524897,0.5137587202822461,0.15107374,0.6078431372549019,0.5686274509803921,0.0,0.5046244913059564,0.00025313508276845895
random_explainer,gin,0.48519999772310257,0.4669000033289194,0.15234932,0.08,0.04,0.0,0.1476923076923077,0.00033190488815307615,0.5156537761875227,0.49886012676299785,0.14160143,0.8725490196078431,0.8823529411764706,0.0,0.20733838089691325,0.00032889375499650544
