Dataset,,medref,medref,medref,medref,medref,cora,cora,cora,cora,cora
Metric,,fid+,fid-,unfaithfulness,characterization_score,inference_time,fid+,fid-,unfaithfulness,characterization_score,inference_time
Explainer,Model,,,,,,,,,,
random_explainer,gcn,0.03,0.025,0.0,0.05820895522388059,0.00025670528411865235,0.22,0.205,0.0,0.34463054187192116,0.00025229692459106446
random_explainer,graphsage,0.025,0.025,0.0,0.048749999999999995,0.00026389479637145997,0.095,0.09,0.0,0.17203980099502486,0.00024352431297302245
random_explainer,gat,0.03,0.03,0.0,0.05819999999999999,0.0002551889419555664,0.06,0.085,0.0,0.11261538461538462,0.00025573253631591794
random_explainer,gin,0.035,0.025,0.0,0.06757425742574258,0.00030742645263671876,0.145,0.11,0.0,0.24937198067632846,0.00030853033065795897
