Dataset,,medref,medref,medref,medref,medref,cora,cora,cora,cora,cora
Metric,,fid+,fid-,unfaithfulness,characterization_score,inference_time,fid+,fid-,unfaithfulness,characterization_score,inference_time
Explainer,Model,,,,,,,,,,
random_explainer,gcn,0.03,0.03,0.0,0.05819999999999999,0.00025379538536071775,0.205,0.225,0.0,0.32423469387755105,0.0002585446834564209
random_explainer,graphsage,0.025,0.025,0.0,0.048749999999999995,0.00026421427726745604,0.12,0.13,0.0,0.2109090909090909,0.00024346232414245605
random_explainer,gat,0.03,0.03,0.0,0.05819999999999999,0.0002561271190643311,0.08,0.09,0.0,0.14707070707070707,0.00025592684745788573
random_explainer,gin,0.03,0.03,0.0,0.05819999999999999,0.00030892133712768556,0.135,0.145,0.0,0.2331818181818182,0.00028066396713256837
