Dataset,,medref,medref,medref,medref,medref,cora,cora,cora,cora,cora
Metric,,fid+,fid-,unfaithfulness,characterization_score,inference_time,fid+,fid-,unfaithfulness,characterization_score,inference_time
Explainer,Model,,,,,,,,,,
random_explainer,gcn,0.01,0.04,0.0,0.01979381443298969,0.00025139451026916503,0.2,0.21,0.0,0.3191919191919192,0.00025429964065551755
random_explainer,graphsage,0.025,0.025,0.0,0.048749999999999995,0.000261082649230957,0.095,0.105,0.0,0.17176767676767676,0.0002479827404022217
random_explainer,gat,0.03,0.03,0.0,0.05819999999999999,0.00025319933891296384,0.085,0.075,0.0,0.15569306930693072,0.00025949716567993166
random_explainer,gin,0.03,0.035,0.0,0.05819095477386935,0.0003057610988616943,0.165,0.14,0.0,0.2768780487804878,0.0002868962287902832
