Dataset,,medref,medref,medref,medref,medref,cora,cora,cora,cora,cora
Metric,,fid+,fid-,unfaithfulness,characterization_score,inference_time,fid+,fid-,unfaithfulness,characterization_score,inference_time
Explainer,Model,,,,,,,,,,
random_explainer,gcn,0.025,0.025,0.0,0.048749999999999995,0.000253826379776001,0.21,0.225,0.0,0.3304568527918782,0.0002539181709289551
random_explainer,graphsage,0.025,0.025,0.0,0.048749999999999995,0.00026327729225158694,0.08,0.12,0.0,0.14666666666666667,0.00024489998817443846
random_explainer,gat,0.03,0.03,0.0,0.05819999999999999,0.0002559947967529297,0.075,0.06,0.0,0.13891625615763545,0.00025574207305908205
random_explainer,gin,0.03,0.03,0.0,0.05819999999999999,0.00030792355537414553,0.16,0.145,0.0,0.26955665024630543,0.0002813220024108887
