Dataset,,medref,medref,medref,medref,medref,cora,cora,cora,cora,cora
Metric,,fid+,fid-,unfaithfulness,characterization_score,inference_time,fid+,fid-,unfaithfulness,characterization_score,inference_time
Explainer,Model,,,,,,,,,,
random_explainer,gcn,0.04,0.025,0.0,0.07684729064039408,0.0002541196346282959,0.18,0.21,0.0,0.29319587628865984,0.00025226593017578123
random_explainer,graphsage,0.025,0.025,0.0,0.048749999999999995,0.000265277624130249,0.105,0.1,0.0,0.1880597014925373,0.00025429368019104005
random_explainer,gat,0.03,0.03,0.0,0.05819999999999999,0.00025486230850219727,0.095,0.07,0.0,0.172390243902439,0.00025570273399353025
random_explainer,gin,0.03,0.03,0.0,0.05819999999999999,0.0003074932098388672,0.145,0.155,0.0,0.2475252525252525,0.0002806341648101807
