Dataset,,medref,medref,medref,medref,medref,cora,cora,cora,cora,cora
Metric,,fid+,fid-,unfaithfulness,characterization_score,inference_time,fid+,fid-,unfaithfulness,characterization_score,inference_time
Explainer,Model,,,,,,,,,,
random_explainer,gcn,0.025,0.03,0.0,0.04874371859296482,0.0002536153793334961,0.19,0.195,0.0,0.30743718592964825,0.0002552962303161621
random_explainer,graphsage,0.025,0.025,0.0,0.048749999999999995,0.00026358962059020997,0.09,0.11,0.0,0.16346938775510206,0.00024152636528015136
random_explainer,gat,0.03,0.03,0.0,0.05819999999999999,0.00025563836097717283,0.07,0.065,0.0,0.13024875621890547,0.0002559494972229004
random_explainer,gin,0.03,0.03,0.0,0.05819999999999999,0.0003093171119689941,0.145,0.13,0.0,0.24857142857142855,0.0002824497222900391
