Dataset,,medref,medref,medref,medref,medref,cora,cora,cora,cora,cora
Metric,,fid+,fid-,unfaithfulness,characterization_score,inference_time,fid+,fid-,unfaithfulness,characterization_score,inference_time
Explainer,Model,,,,,,,,,,
random_explainer,gcn,0.04,0.015,0.0,0.0768780487804878,0.00025295853614807127,0.225,0.23,0.0,0.34824120603015074,0.00025307178497314454
random_explainer,graphsage,0.025,0.025,0.0,0.048749999999999995,0.0002639102935791016,0.1,0.145,0.0,0.17905759162303667,0.000241013765335083
random_explainer,gat,0.03,0.03,0.0,0.05819999999999999,0.0002547967433929443,0.06,0.07,0.0,0.11272727272727273,0.0002566051483154297
random_explainer,gin,0.03,0.03,0.0,0.05819999999999999,0.00030667662620544435,0.11,0.155,0.0,0.1946596858638743,0.0002812182903289795
