Dataset,,ba_2motif,ba_2motif,ba_2motif,ba_2motif,ba_2motif,ba_2motif,ba_2motif,ba_2motif,mutag,mutag,mutag,mutag,mutag,mutag,mutag,mutag
Metric,,accuracy,auroc,iou,fid+,fid-,unfaithfulness,characterization_score,inference_time,accuracy,auroc,iou,fid+,fid-,unfaithfulness,characterization_score,inference_time
Explainer,Model,,,,,,,,,,,,,,,,
random_explainer,gcn,0.49120000064373015,0.48960000559687616,0.16264135,0.0,0.0,0.0,0.0,0.00025368928909301757,0.5043914417425791,0.5158552065783856,0.15218139,0.5882352941176471,0.5392156862745098,0.0,0.5167674546454096,0.000253142095079609
random_explainer,graphsage,0.49439999848604205,0.5030000050365925,0.1737768,0.06,0.04,0.0,0.11294117647058823,0.00025945186614990235,0.49566227270692004,0.4930843290891133,0.13474676,0.6274509803921569,0.6764705882352942,0.0,0.42692540933899326,0.00025666227527693206
random_explainer,gat,0.4971999979019165,0.500000008046627,0.16394657,0.04,0.04,0.0,0.0768,0.00025481224060058594,0.5098338487978075,0.5139951147139072,0.15344003,0.5392156862745098,0.5882352941176471,0.0,0.4669496664645239,0.000253906436994964
random_explainer,gin,0.508799996972084,0.4979000101983547,0.16879867,0.05,0.08,0.0,0.09484536082474228,0.00032756805419921877,0.49223503149023246,0.5106708860280467,0.14514837,0.8823529411764706,0.8529411764705882,0.0,0.2521008403361345,0.00032786995756859874
