Dataset,,ba_2motif,ba_2motif,ba_2motif,ba_2motif,ba_2motif,ba_2motif,ba_2motif,ba_2motif,mutag,mutag,mutag,mutag,mutag,mutag,mutag,mutag
Metric,,accuracy,auroc,iou,fid+,fid-,unfaithfulness,characterization_score,inference_time,accuracy,auroc,iou,fid+,fid-,unfaithfulness,characterization_score,inference_time
Explainer,Model,,,,,,,,,,,,,,,,
random_explainer,gcn,0.49079999938607216,0.483200007379055,0.1663182,0.0,0.0,0.0,0.0,0.0002532482147216797,0.5138405847783182,0.5036081508094189,0.14563201,0.5490196078431373,0.5490196078431373,0.0,0.49519415609381007,0.00025363996917126223
random_explainer,graphsage,0.49039999932050704,0.5116000095754862,0.17386118,0.08,0.02,0.0,0.1479245283018868,0.00025777101516723635,0.4973849385392432,0.49667390991075366,0.14787851,0.6078431372549019,0.6666666666666666,0.0,0.43055555555555564,0.00027950371012968174
random_explainer,gat,0.4967999982833862,0.5001000035554171,0.17218699,0.03,0.06,0.0,0.05814432989690722,0.0002538394927978516,0.5015915015748903,0.5202357563025811,0.15725693,0.5686274509803921,0.5196078431372549,0.0,0.5207989737951255,0.0002554187587663239
random_explainer,gin,0.5043999969959259,0.4947000059485436,0.17308815,0.09,0.1,0.0,0.16363636363636364,0.0003250885009765625,0.5063022408707469,0.48513568499509024,0.14337254,0.8823529411764706,0.803921568627451,0.0,0.320855614973262,0.0003271780762017942
