Dataset,,ba_2motif,ba_2motif,ba_2motif,ba_2motif,ba_2motif,ba_2motif,ba_2motif,ba_2motif,mutag,mutag,mutag,mutag,mutag,mutag,mutag,mutag
Metric,,accuracy,auroc,iou,fid+,fid-,unfaithfulness,characterization_score,inference_time,accuracy,auroc,iou,fid+,fid-,unfaithfulness,characterization_score,inference_time
Explainer,Model,,,,,,,,,,,,,,,,
subgraphx,gcn,0.7192000114917755,0.5364999955892563,0.21631745,0.0,0.2,0.0,0.0,2.1547286891937256,0.7022893937195048,0.47867829951585505,0.100626364,0.14705882352941177,0.5,0.0,0.22727272727272727,2.1102261192658367
subgraphx,graphsage,0.7000000125169754,0.5102499970793724,0.18108334,0.0,0.19,0.0,0.0,1.9227166318893432,0.700532913792367,0.4937536070744197,0.11689337,0.13725490196078433,0.5196078431372549,0.0,0.2135076252723312,1.8541623611076206
subgraphx,gat,0.7152000111341477,0.5302499961853028,0.20773016,0.01,0.23,0.0,0.019743589743589744,2.186721534729004,0.6794194751510433,0.443295259978257,0.066110335,0.2549019607843137,0.5294117647058824,0.0,0.33068362480127184,2.262949052978964
subgraphx,gin,0.710000010728836,0.523999996483326,0.1950516,0.02,0.21,0.0,0.03901234567901234,2.013535659313202,0.6938179155775145,0.4551595776688819,0.075101145,0.16666666666666666,0.8137254901960784,0.0,0.17592592592592593,1.941394186487385
