Dataset,,ba_shapes,ba_shapes,ba_shapes,ba_shapes,ba_shapes,ba_shapes,ba_shapes,ba_shapes
Metric,,accuracy,auroc,iou,fid+,fid-,unfaithfulness,characterization_score,inference_time
Explainer,Model,,,,,,,,
subgraphx,gcn,0.7868308055968511,0.6949981983218875,0.518802,0.7857142857142857,0.38095238095238093,0.3756955565241653,0.6924939467312348,17.12548807689122
subgraphx,graphsage,0.8009215586242222,0.7372762596323377,0.5601594,0.6666666666666666,0.0,0.002641218049185617,0.8,16.44417194525401
subgraphx,gat,0.7635528785841805,0.6775852221818197,0.49871677,0.7857142857142857,0.38095238095238093,0.2603039200462046,0.6924939467312348,19.63509228683653
subgraphx,gin,0.8216024105037961,0.7333538078126454,0.6298092,0.9285714285714286,0.11904761904761904,0.12783027627448684,0.9041353383458648,17.026840022632054
