Dataset,,tree_cycles,tree_cycles,tree_cycles,tree_cycles,tree_cycles,tree_cycles,tree_cycles,tree_cycles
Metric,,accuracy,auroc,iou,fid+,fid-,unfaithfulness,characterization_score,inference_time
Explainer,Model,,,,,,,,
subgraphx,gcn,0.7722067645617894,0.7245742985180446,0.682349,0.22857142857142856,0.02857142857142857,0.0,0.3700680272108844,0.19703712463378906
subgraphx,graphsage,0.793025666475296,0.7333539307117463,0.71318007,0.6571428571428571,0.02857142857142857,0.0,0.7839598997493733,0.15884081976754325
subgraphx,gat,0.7545660710760526,0.700690560894353,0.6722161,0.6285714285714286,0.05714285714285714,0.0,0.7542857142857143,0.22994458334786552
subgraphx,gin,0.7460523658565112,0.6934333007250514,0.6539899,0.6571428571428571,0.08571428571428572,0.0,0.7646753246753246,0.16603903089250838
