Dataset,,ba_shapes,ba_shapes,ba_shapes,ba_shapes,ba_shapes,ba_shapes,ba_shapes,ba_shapes
Metric,,accuracy,auroc,iou,fid+,fid-,unfaithfulness,characterization_score,inference_time
Explainer,Model,,,,,,,,
subgraphx,gcn,0.7910971804743722,0.6950668529385612,0.53381777,0.8809523809523809,0.38095238095238093,0.3657600687861088,0.72713529856387,18.002883036931355
subgraphx,graphsage,0.7866022920324689,0.7286541781255177,0.54035336,0.6190476190476191,0.0,0.0004107980501084101,0.7647058823529411,15.42657474676768
subgraphx,gat,0.7639800239176977,0.6798490917398816,0.49141335,0.7619047619047619,0.35714285714285715,0.2558561580344325,0.6973365617433414,18.223023056983948
subgraphx,gin,0.8251577268044153,0.7378678321838379,0.64034396,0.9523809523809523,0.14285714285714285,0.17503554389529732,0.9022556390977443,16.136110124133882
