Dataset,,tree_cycles,tree_cycles,tree_cycles,tree_cycles,tree_cycles,tree_cycles,tree_cycles,tree_cycles
Metric,,accuracy,auroc,iou,fid+,fid-,unfaithfulness,characterization_score,inference_time
Explainer,Model,,,,,,,,
subgraphx,gcn,0.7847464442253113,0.7364130922726222,0.6915275,0.22857142857142856,0.02857142857142857,0.0,0.3700680272108844,0.2067399706159319
subgraphx,graphsage,0.7320408199514662,0.6849061846733093,0.6272902,0.5142857142857142,0.02857142857142857,0.0,0.6725274725274725,0.16450870377676827
subgraphx,gat,0.7124520744596209,0.6585374027490616,0.62664396,0.5428571428571428,0.02857142857142857,0.0,0.6964959568733153,0.23211654935564313
subgraphx,gin,0.7415285561765943,0.6901638690914427,0.65039885,0.6571428571428571,0.05714285714285714,0.0,0.7744897959183673,0.17706642832074845
