Dataset,,tree_grid,tree_grid,tree_grid,tree_grid,tree_grid,tree_grid,tree_grid,tree_grid
Metric,,accuracy,auroc,iou,fid+,fid-,unfaithfulness,characterization_score,inference_time
Explainer,Model,,,,,,,,
subgraphx,gcn,0.5143329651184279,0.4669671123974944,0.4548944,0.0547945205479452,0.0684931506849315,0.0,0.1035007610350076,0.23764936238119047
subgraphx,graphsage,0.5442057025350936,0.5119298557712607,0.4843032,0.1232876712328767,0.0,0.0,0.21951219512195122,0.17940893891739518
subgraphx,gat,0.5477852308995104,0.47327471085607187,0.48848248,0.136986301369863,0.0410958904109589,0.0,0.23972602739726026,0.27059203631257356
subgraphx,gin,0.5249905391302827,0.4521750156601814,0.4694655,0.2054794520547945,0.1095890410958904,0.0,0.3339041095890411,0.1939107065331446
