Dataset,,ba_2motif,ba_2motif,ba_2motif,ba_2motif,ba_2motif,ba_2motif,ba_2motif,ba_2motif,mutag,mutag,mutag,mutag,mutag,mutag,mutag,mutag
Metric,,accuracy,auroc,iou,fid+,fid-,unfaithfulness,characterization_score,inference_time,accuracy,auroc,iou,fid+,fid-,unfaithfulness,characterization_score,inference_time
Explainer,Model,,,,,,,,,,,,,,,,
subgraphx,gcn,0.7120000100135804,0.5274999955296517,0.2015238,0.0,0.15,0.0,0.0,2.1683513259887697,0.6958752055378521,0.46297816727675645,0.083508864,0.19607843137254902,0.4411764705882353,0.0,0.2902979373567609,2.0490554150413063
subgraphx,graphsage,0.7556000059843063,0.6034999957680702,0.32605952,0.0,0.34,0.0,0.0,2.026101117134094,0.6946817192376828,0.46369359423132506,0.094860725,0.12745098039215685,0.4411764705882353,0.0,0.20756302521008405,1.9184647190804576
subgraphx,gat,0.7076000112295151,0.514999994635582,0.18049999,0.0,0.21,0.0,0.0,2.1057240200042724,0.6787265337565366,0.44301103932016034,0.06389738,0.22549019607843138,0.5196078431372549,0.0,0.30691721132897604,2.1658760566337434
subgraphx,gin,0.7316000086069107,0.562249995470047,0.25902778,0.0,0.28,0.0,0.0,2.0494349908828737,0.6781238259053698,0.44536743356901054,0.06624261,0.1568627450980392,0.8333333333333334,0.0,0.1616161616161616,1.9866863372279149
