Dataset,,ba_2motif,ba_2motif,ba_2motif,ba_2motif,ba_2motif,ba_2motif,ba_2motif,ba_2motif,mutag,mutag,mutag,mutag,mutag,mutag,mutag,mutag
Metric,,accuracy,auroc,iou,fid+,fid-,unfaithfulness,characterization_score,inference_time,accuracy,auroc,iou,fid+,fid-,unfaithfulness,characterization_score,inference_time
Explainer,Model,,,,,,,,,,,,,,,,
subgraphx,gcn,0.7228000098466874,0.5394999954104424,0.21859524,0.0,0.18,0.0,0.0,2.2140869235992433,0.6910876862558664,0.4688029838543312,0.08790178,0.19607843137254902,0.4215686274509804,0.0,0.2928766443286175,2.079868559743844
subgraphx,graphsage,0.7156000107526779,0.5312499964237213,0.21315475,0.0,0.25,0.0,0.0,1.9196064734458924,0.6958130118893642,0.4609006359881046,0.079858564,0.12745098039215685,0.5196078431372549,0.0,0.20145477545857052,2.0388744531893264
subgraphx,gat,0.7368000078201294,0.5639999958872796,0.26185712,0.0,0.27,0.0,0.0,2.2433851861953737,0.6819130024489235,0.45132431533991124,0.08210007,0.28431372549019607,0.5,0.0,0.3625,2.2882510283414055
subgraphx,gin,0.7140000116825104,0.5339999967813491,0.21598014,0.02,0.24,0.0,0.038974358974358976,2.0221591138839723,0.7002254832609027,0.47209644171537135,0.09048653,0.18627450980392157,0.7941176470588235,0.0,0.19558823529411767,2.062823449864107
