Dataset,,ba_2motif,ba_2motif,ba_2motif,ba_2motif,ba_2motif,ba_2motif,ba_2motif,ba_2motif
Metric,,accuracy,auroc,iou,fid+,fid-,unfaithfulness,characterization_score,inference_time
Explainer,Model,,,,,,,,
subgraphx,gcn,0.7148000109195709,0.5329999968409538,0.21840477,0.0,0.22,0.0,0.0,0.9407948684692383
subgraphx,graphsage,0.7364000087976456,0.5629999959468841,0.2545238,0.0,0.3,0.0,0.0,0.7890484833717346
subgraphx,gat,0.7220000106096268,0.543499995470047,0.22619048,0.0,0.27,0.0,0.0,1.052352511882782
subgraphx,gin,0.7148000109195709,0.5367499968409538,0.22259922,0.0,0.19,0.0,0.0,0.813311378955841
