Dataset,,tree_grid,tree_grid,tree_grid,tree_grid,tree_grid,tree_grid,tree_grid,tree_grid
Metric,,accuracy,auroc,iou,fid+,fid-,unfaithfulness,characterization_score,inference_time
Explainer,Model,,,,,,,,
subgraphx,gcn,0.536738881509598,0.4674341858249821,0.47723368,0.0958904109589041,0.0136986301369863,0.0,0.17478758453268597,0.24255745704859905
subgraphx,graphsage,0.5421559272767746,0.48150747994037524,0.48117954,0.0684931506849315,0.0,0.0,0.1282051282051282,0.192690957082461
subgraphx,gat,0.5356257944686772,0.4635470540147938,0.48107225,0.136986301369863,0.0684931506849315,0.0,0.23884791008078676,0.26814803032025897
subgraphx,gin,0.538667645152301,0.4880772605028054,0.4758384,0.3424657534246575,0.1232876712328767,0.0,0.49253501616130524,0.19136537264471185
