Dataset,,ba_shapes,ba_shapes,ba_shapes,ba_shapes,ba_shapes,ba_shapes,ba_shapes,ba_shapes
Metric,,accuracy,auroc,iou,fid+,fid-,unfaithfulness,characterization_score,inference_time
Explainer,Model,,,,,,,,
subgraphx,gcn,0.7888585925102234,0.6927133124499094,0.55856955,0.8095238095238095,0.40476190476190477,0.36176096025433035,0.6860371267150929,17.46665284179506
subgraphx,graphsage,0.7858249374798366,0.7163781225681305,0.5407502,0.6428571428571429,0.0,0.00659950716154916,0.782608695652174,15.659155385834831
subgraphx,gat,0.7774428661380496,0.6770610475823993,0.49920636,0.7857142857142857,0.40476190476190477,0.2583267216881116,0.6773399014778325,17.57965626603081
subgraphx,gin,0.8346309037435622,0.7581262801374707,0.6561826,0.8333333333333334,0.09523809523809523,0.12819387661844994,0.8675799086757993,15.089281933648246
