Dataset,,ba_2motif,ba_2motif,ba_2motif,ba_2motif,ba_2motif,ba_2motif,ba_2motif,ba_2motif,mutag,mutag,mutag,mutag,mutag,mutag,mutag,mutag
Metric,,accuracy,auroc,iou,fid+,fid-,unfaithfulness,characterization_score,inference_time,accuracy,auroc,iou,fid+,fid-,unfaithfulness,characterization_score,inference_time
Explainer,Model,,,,,,,,,,,,,,,,
subgraphx,gcn,0.7156000101566314,0.5319999969005584,0.20513491,0.0,0.15,0.0,0.0,2.23776832818985,0.6634508447319853,0.42150960482803046,0.03916122,0.20588235294117646,0.49019607843137253,0.0,0.2933118452860596,2.0221016967997834
subgraphx,graphsage,0.6996000105142594,0.5077499961853027,0.1744524,0.0,0.2,0.0,0.0,1.9952807021141052,0.6717925813852572,0.4321633624095543,0.058045443,0.14705882352941177,0.4803921568627451,0.0,0.22923875432525953,1.9070120021408679
subgraphx,gat,0.6908000087738038,0.4887499991059303,0.1390397,0.0,0.15,0.0,0.0,2.293428688049316,0.6636625268295699,0.42327802672105674,0.04571273,0.24509803921568626,0.47058823529411764,0.0,0.3350707371556217,2.2275892846724568
subgraphx,gin,0.7144000113010407,0.5319999954104424,0.20887302,0.01,0.23,0.0,0.019743589743589744,1.8927593183517457,0.6650354660609189,0.42582602097707634,0.048030835,0.11764705882352941,0.8529411764705882,0.0,0.13071895424836602,1.9652976382012461
