Dataset,,ba_2motif,ba_2motif,ba_2motif,ba_2motif,ba_2motif,ba_2motif,ba_2motif,ba_2motif,mutag,mutag,mutag,mutag,mutag,mutag,mutag,mutag
Metric,,accuracy,auroc,iou,fid+,fid-,unfaithfulness,characterization_score,inference_time,accuracy,auroc,iou,fid+,fid-,unfaithfulness,characterization_score,inference_time
Explainer,Model,,,,,,,,,,,,,,,,
subgraphx,gcn,0.7124000084400177,0.5292499962449074,0.20664285,0.0,0.2,0.0,0.0,2.3321167397499085,0.6926166251593945,0.45938389762943865,0.08587379,0.1568627450980392,0.45098039215686275,0.0,0.2440087145969499,2.0472861364776014
subgraphx,graphsage,0.7440000069141388,0.5782499948143959,0.28638095,0.0,0.31,0.0,0.0,2.0080653977394105,0.6908271140327641,0.46919213030852525,0.09484233,0.12745098039215685,0.5,0.0,0.203125,1.9433663662742167
subgraphx,gat,0.744400006532669,0.5747499924898147,0.26285714,0.0,0.31,0.0,0.0,2.261930241584778,0.6939930124025718,0.4662291501082626,0.091625996,0.20588235294117646,0.5588235294117647,0.0,0.28074866310160423,2.1778039581635418
subgraphx,gin,0.7108000081777572,0.5274999985098838,0.20900792,0.02,0.22,0.0,0.039,2.0066805195808413,0.6762188973964429,0.4290812836558211,0.050459534,0.17647058823529413,0.8823529411764706,0.0,0.14117647058823532,1.9638483454199398
