Dataset,,ba_2motif,ba_2motif,ba_2motif,ba_2motif,ba_2motif,ba_2motif,ba_2motif,ba_2motif
Metric,,accuracy,auroc,iou,fid+,fid-,unfaithfulness,characterization_score,inference_time
Explainer,Model,,,,,,,,
subgraphx,gcn,0.7316000086069107,0.5614999955892563,0.2635635,0.0,0.3,0.0,0.0,0.8728738307952881
subgraphx,graphsage,0.7208000099658967,0.5397499933838844,0.21956348,0.0,0.26,0.0,0.0,0.7275496077537537
subgraphx,gat,0.7276000082492828,0.549249994456768,0.22831745,0.0,0.28,0.0,0.0,1.094703905582428
subgraphx,gin,0.7604000091552734,0.5974999916553497,0.30557144,0.0,0.27,0.0,0.0,0.748596510887146
