Dataset,,ba_2motif,ba_2motif,ba_2motif,ba_2motif,ba_2motif,ba_2motif,ba_2motif,ba_2motif
Metric,,accuracy,auroc,iou,fid+,fid-,unfaithfulness,characterization_score,inference_time
Explainer,Model,,,,,,,,
subgraphx,gcn,0.7228000086545944,0.5477499935030937,0.23619047,0.0,0.25,0.0,0.0,0.9822819471359253
subgraphx,graphsage,0.7220000088214874,0.5337499970197678,0.2075357,0.0,0.29,0.0,0.0,0.7818038535118103
subgraphx,gat,0.697200009226799,0.5039999973773956,0.16640477,0.0,0.2,0.0,0.0,1.0680496215820312
subgraphx,gin,0.7240000087022781,0.5462499967217446,0.23046826,0.0,0.22,0.0,0.0,0.781961088180542
