Dataset,,ba_2motif,ba_2motif,ba_2motif,ba_2motif,ba_2motif,ba_2motif,ba_2motif,ba_2motif
Metric,,accuracy,auroc,iou,fid+,fid-,unfaithfulness,characterization_score,inference_time
Explainer,Model,,,,,,,,
subgraphx,gcn,0.7332000106573104,0.5579999926686287,0.24426189,0.0,0.28,0.0,0.0,0.9205859875679017
subgraphx,graphsage,0.7312000107765197,0.5672499936819076,0.26570636,0.0,0.3,0.0,0.0,0.8013556027412414
subgraphx,gat,0.7296000117063522,0.5549999949336052,0.24815477,0.0,0.28,0.0,0.0,1.0423037695884705
subgraphx,gin,0.6872000122070312,0.49324999779462814,0.15419048,0.0,0.14,0.0,0.0,0.8263821387290955
