Dataset,,ba_2motif,ba_2motif,ba_2motif,ba_2motif,ba_2motif,ba_2motif,ba_2motif,ba_2motif
Metric,,accuracy,auroc,iou,fid+,fid-,unfaithfulness,characterization_score,inference_time
Explainer,Model,,,,,,,,
subgraphx,gcn,0.7152000111341477,0.5324999979138374,0.2128135,0.0,0.24,0.0,0.0,0.9836096835136413
subgraphx,graphsage,0.7348000085353852,0.5582499960064888,0.24935715,0.0,0.29,0.0,0.0,0.7866837501525878
subgraphx,gat,0.7436000084877015,0.5742499947547912,0.2769524,0.0,0.33,0.0,0.0,1.0765530276298523
subgraphx,gin,0.7304000097513199,0.5592499938607216,0.25092065,0.0,0.26,0.0,0.0,0.8090609359741211
