Dataset,,ba_2motif,ba_2motif,ba_2motif,ba_2motif,ba_2motif,ba_2motif,ba_2motif,ba_2motif
Metric,,accuracy,auroc,iou,fid+,fid-,unfaithfulness,characterization_score,inference_time
Explainer,Model,,,,,,,,
subgraphx,gcn,0.7404000073671341,0.5707499942183495,0.26707143,0.0,0.29,0.0,0.0,0.9540012645721435
subgraphx,graphsage,0.7236000096797943,0.5512499943375587,0.24414286,0.0,0.28,0.0,0.0,0.8273229002952576
subgraphx,gat,0.7288000112771988,0.5537499949336052,0.24640477,0.0,0.28,0.0,0.0,1.0132697534561157
subgraphx,gin,0.69960000872612,0.5062499982118607,0.17217064,0.0,0.15,0.0,0.0,0.8267512154579163
