Dataset,,tree_grid,tree_grid,tree_grid,tree_grid,tree_grid,tree_grid,tree_grid,tree_grid
Metric,,accuracy,auroc,iou,fid+,fid-,unfaithfulness,characterization_score,inference_time
Explainer,Model,,,,,,,,
subgraphx,gcn,0.5387744077366509,0.47359710651105397,0.47700715,0.0684931506849315,0.0410958904109589,0.0,0.1278538812785388,0.23673117650698308
subgraphx,graphsage,0.5195619301640824,0.4400691237453728,0.46501306,0.0684931506849315,0.0,0.0,0.1282051282051282,0.19384103605192002
subgraphx,gat,0.5124044243807662,0.4522895889535342,0.45346865,0.1095890410958904,0.0547945205479452,0.0,0.19640633339263475,0.2769652686706961
subgraphx,gin,0.517412347336338,0.465060967543762,0.4536124,0.2465753424657534,0.1643835616438356,0.0,0.380787237731923,0.17795657458370678
