Dataset,,ba_2motif,ba_2motif,ba_2motif,ba_2motif,ba_2motif,ba_2motif,ba_2motif,ba_2motif,mutag,mutag,mutag,mutag,mutag,mutag,mutag,mutag
Metric,,accuracy,auroc,iou,fid+,fid-,unfaithfulness,characterization_score,inference_time,accuracy,auroc,iou,fid+,fid-,unfaithfulness,characterization_score,inference_time
Explainer,Model,,,,,,,,,,,,,,,,
subgraphx,gcn,0.7232000094652176,0.5434999966621399,0.22189683,0.0,0.18,0.0,0.0,2.062736554145813,0.6702660675726685,0.43885395164583246,0.060784318,0.14705882352941177,0.4411764705882353,0.0,0.23284313725490197,2.2360265535466812
subgraphx,graphsage,0.7296000099182129,0.5564999955892563,0.24964681,0.0,0.26,0.0,0.0,1.969935612678528,0.6812749548869974,0.4392511087889765,0.05840842,0.10784313725490197,0.45098039215686275,0.0,0.18027509511267195,2.049126332881404
subgraphx,gat,0.7372000098228455,0.5634999963641166,0.26470238,0.0,0.27,0.0,0.0,2.1428870606422423,0.6844028985383463,0.4540052051637687,0.078061774,0.29411764705882354,0.4803921568627451,0.0,0.3756201275690999,2.275801029859805
subgraphx,gin,0.7072000104188919,0.5192499989271164,0.19744048,0.01,0.21,0.0,0.01975,1.8638704109191895,0.6885649129456165,0.45462481502224417,0.07509098,0.18627450980392157,0.7843137254901961,0.0,0.1999043519846963,2.0472202581517838
