Dataset,,tree_grid,tree_grid,tree_grid,tree_grid,tree_grid,tree_grid,tree_grid,tree_grid
Metric,,accuracy,auroc,iou,fid+,fid-,unfaithfulness,characterization_score,inference_time
Explainer,Model,,,,,,,,
subgraphx,gcn,0.5198309269976126,0.4968276993971165,0.45282352,0.0273972602739726,0.0410958904109589,0.0,0.0532724505327245,0.24321511346999913
subgraphx,graphsage,0.5360106756425884,0.487430381652427,0.46652743,0.0958904109589041,0.0,0.0,0.175,0.1899737201324881
subgraphx,gat,0.5160397060521661,0.4664316667269354,0.44892174,0.1232876712328767,0.0821917808219178,0.0,0.21737563085796685,0.26929679962053693
subgraphx,gin,0.5163150258260231,0.4801756701853177,0.44788423,0.273972602739726,0.1643835616438356,0.0,0.4126500930153898,0.1945630720216934
