Dataset,,ba_shapes,ba_shapes,ba_shapes,ba_shapes,ba_shapes,ba_shapes,ba_shapes,ba_shapes
Metric,,accuracy,auroc,iou,fid+,fid-,unfaithfulness,characterization_score,inference_time
Explainer,Model,,,,,,,,
subgraphx,gcn,0.7686196146976381,0.6793737234104247,0.48962933,0.8809523809523809,0.38095238095238093,0.3671311363522407,0.72713529856387,18.637948535737536
subgraphx,graphsage,0.7852240694420678,0.7150373118264335,0.5395663,0.6666666666666666,0.0,0.008691828875314622,0.8,14.133768422263008
subgraphx,gat,0.7708433532998675,0.6761351405155092,0.5062925,0.7619047619047619,0.3333333333333333,0.23451894628150122,0.7111111111111111,18.66931851137252
subgraphx,gin,0.8446309013026101,0.7708963226704371,0.67894334,0.7619047619047619,0.07142857142857142,0.127849150653975,0.8370221327967807,14.786141531808036
