Dataset,,tree_cycles,tree_cycles,tree_cycles,tree_cycles,tree_cycles,tree_cycles,tree_cycles,tree_cycles
Metric,,accuracy,auroc,iou,fid+,fid-,unfaithfulness,characterization_score,inference_time
Explainer,Model,,,,,,,,
subgraphx,gcn,0.7572572691099985,0.7087280809879303,0.65729743,0.22857142857142856,0.02857142857142857,0.0,0.3700680272108844,0.20307125364031112
subgraphx,graphsage,0.7653741547039576,0.7165388447897775,0.6718409,0.5428571428571428,0.0,0.0,0.7037037037037037,0.15133058684212822
subgraphx,gat,0.7526901715568134,0.6991692242877824,0.6759297,0.6285714285714286,0.02857142857142857,0.0,0.7632653061224489,0.21339609282357352
subgraphx,gin,0.7828489022595542,0.73130795444761,0.7007422,0.7428571428571429,0.0,0.0,0.8524590163934428,0.1729297365461077
