Dataset,,tree_grid,tree_grid,tree_grid,tree_grid,tree_grid,tree_grid,tree_grid,tree_grid
Metric,,accuracy,auroc,iou,fid+,fid-,unfaithfulness,characterization_score,inference_time
Explainer,Model,,,,,,,,
subgraphx,gcn,0.5350988979821336,0.44897908691878186,0.48263925,0.0958904109589041,0.0273972602739726,0.0,0.174569722514928,0.24794386510979638
subgraphx,graphsage,0.5373619378429569,0.47971904849352903,0.47259703,0.0821917808219178,0.0,0.0,0.15189873417721517,0.18312613278219145
subgraphx,gat,0.5419561079103653,0.48103183344618916,0.47715983,0.1506849315068493,0.0273972602739726,0.0,0.26094219846308053,0.27828341640838206
subgraphx,gin,0.5148930980326378,0.4556747311598634,0.45306453,0.2328767123287671,0.1506849315068493,0.0,0.3655280041616092,0.1923655973721857
