Dataset,,tree_grid,tree_grid,tree_grid,tree_grid,tree_grid,tree_grid,tree_grid,tree_grid
Metric,,accuracy,auroc,iou,fid+,fid-,unfaithfulness,characterization_score,inference_time
Explainer,Model,,,,,,,,
subgraphx,gcn,0.5233146265557368,0.44535831678403565,0.4655195,0.0273972602739726,0.0410958904109589,0.0,0.0532724505327245,0.2424047058575774
subgraphx,graphsage,0.5128379434551278,0.47233700803289674,0.44656277,0.0821917808219178,0.0,0.0,0.15189873417721517,0.18459665938599468
subgraphx,gat,0.5118111560810102,0.4368727764956755,0.4588971,0.1643835616438356,0.0821917808219178,0.0,0.2788278134211895,0.26048185074166075
subgraphx,gin,0.5071220305072118,0.4599892158724674,0.44409493,0.3013698630136986,0.1643835616438356,0.0,0.4429773890080871,0.19126247706478589
