Dataset,,tree_grid,tree_grid,tree_grid,tree_grid,tree_grid,tree_grid,tree_grid,tree_grid
Metric,,accuracy,auroc,iou,fid+,fid-,unfaithfulness,characterization_score,inference_time
Explainer,Model,,,,,,,,
subgraphx,gcn,0.5245387655210821,0.4647266579511231,0.46258467,0.0547945205479452,0.0547945205479452,0.0,0.10358416213173204,0.2545889534362375
subgraphx,graphsage,0.5025749733186748,0.4471122501035259,0.44947073,0.0547945205479452,0.0,0.0,0.1038961038961039,0.19502617561653868
subgraphx,gat,0.5284951201652828,0.46741474149365947,0.46504128,0.1095890410958904,0.0684931506849315,0.0,0.19610670511896178,0.2729833093408036
subgraphx,gin,0.5168502567565605,0.4753621228753704,0.4591579,0.3150684931506849,0.136986301369863,0.0,0.46161197833705,0.1886690283474857
