Dataset,,tree_cycles,tree_cycles,tree_cycles,tree_cycles,tree_cycles,tree_cycles,tree_cycles,tree_cycles
Metric,,accuracy,auroc,iou,fid+,fid-,unfaithfulness,characterization_score,inference_time
Explainer,Model,,,,,,,,
subgraphx,gcn,0.7691692475761686,0.7106967491762979,0.6823799,0.2571428571428571,0.0,0.0,0.40909090909090906,0.18902767726353237
subgraphx,graphsage,0.7662832417658397,0.7159760730607169,0.682012,0.5714285714285714,0.02857142857142857,0.0,0.7195767195767196,0.1384305545261928
subgraphx,gat,0.8064131149223872,0.7495825426919119,0.72795296,0.6285714285714286,0.0,0.0,0.7719298245614036,0.23886008943830217
subgraphx,gin,0.7764491892286709,0.7262213781476021,0.692715,0.6857142857142857,0.02857142857142857,0.0,0.8039408866995074,0.16724256787981306
