Dataset,,ba_2motif,ba_2motif,ba_2motif,ba_2motif,ba_2motif,ba_2motif,ba_2motif,ba_2motif,mutag,mutag,mutag,mutag,mutag,mutag,mutag,mutag
Metric,,accuracy,auroc,iou,fid+,fid-,unfaithfulness,characterization_score,inference_time,accuracy,auroc,iou,fid+,fid-,unfaithfulness,characterization_score,inference_time
Explainer,Model,,,,,,,,,,,,,,,,
subgraphx,gcn,0.7100000089406967,0.5254999980330467,0.20390476,0.0,0.14,0.0,0.0,2.008176565170288,0.6876611174906001,0.4554451324191748,0.07373667,0.13725490196078433,0.4803921568627451,0.0,0.21714954638571846,2.1704018466612873
subgraphx,graphsage,0.7204000103473663,0.5424999949336052,0.22146033,0.0,0.24,0.0,0.0,1.9523877000808716,0.6844589996571634,0.46028907538629044,0.07778167,0.14705882352941177,0.5784313725490197,0.0,0.218052738336714,1.9264889043920181
subgraphx,gat,0.7164000076055527,0.5302499973773956,0.20330954,0.0,0.22,0.0,0.0,2.262374310493469,0.6764495045531029,0.43932148346713945,0.063052446,0.29411764705882354,0.4215686274509804,0.0,0.38995373430270985,2.2215697204365448
subgraphx,gin,0.7208000111579895,0.5374999970197678,0.22230953,0.02,0.25,0.0,0.03896103896103896,1.8241492986679078,0.6836955410008337,0.45566538472970325,0.07844693,0.17647058823529413,0.8529411764705882,0.0,0.16042780748663105,1.8276454397276336
