Dataset,,tree_grid,tree_grid,tree_grid,tree_grid,tree_grid,tree_grid,tree_grid,tree_grid
Metric,,accuracy,auroc,iou,fid+,fid-,unfaithfulness,characterization_score,inference_time
Explainer,Model,,,,,,,,
subgraphx,gcn,0.5247844610720465,0.45189004672104366,0.46092558,0.0547945205479452,0.0273972602739726,0.0,0.10374429223744291,0.24278494756515712
subgraphx,graphsage,0.5340744849957831,0.49085503714541867,0.4742208,0.1095890410958904,0.0,0.0,0.19753086419753085,0.1886459670654715
subgraphx,gat,0.5037805974381427,0.4313216107859187,0.44778687,0.0547945205479452,0.0821917808219178,0.0,0.10341501061161489,0.2761475680625602
subgraphx,gin,0.5382158733291985,0.4676229821594611,0.4778824,0.3013698630136986,0.0821917808219178,0.0,0.4537478836386024,0.18161116560844526
