Dataset,,ba_2motif,ba_2motif,ba_2motif,ba_2motif,ba_2motif,ba_2motif,ba_2motif,ba_2motif,mutag,mutag,mutag,mutag,mutag,mutag,mutag,mutag
Metric,,accuracy,auroc,iou,fid+,fid-,unfaithfulness,characterization_score,inference_time,accuracy,auroc,iou,fid+,fid-,unfaithfulness,characterization_score,inference_time
Explainer,Model,,,,,,,,,,,,,,,,
subgraphx,gcn,0.7068000078201294,0.5197499984502792,0.1965873,0.0,0.16,0.0,0.0,1.9651801943778993,0.692503271149654,0.46258773844616086,0.083552256,0.20588235294117646,0.4803921568627451,0.0,0.2949125596184419,2.077518283152113
subgraphx,graphsage,0.694800009727478,0.4980000001192093,0.15769048,0.0,0.15,0.0,0.0,1.9029242038726806,0.6810996970709633,0.4537689793927997,0.07538622,0.1568627450980392,0.5686274509803921,0.0,0.23006535947712417,1.8965593716677498
subgraphx,gat,0.7028000116348266,0.5119999980926514,0.17696825,0.0,0.18,0.0,0.0,2.08139591217041,0.6890655922539094,0.4532945550539914,0.08185108,0.22549019607843138,0.4803921568627451,0.0,0.31449948400412797,2.1451665490281346
subgraphx,gin,0.7072000098228455,0.5162499961256981,0.18678571,0.01,0.21,0.0,0.01975,1.9902225470542907,0.6769103355267468,0.4384618404449201,0.05809283,0.17647058823529413,0.8627450980392157,0.0,0.15441176470588233,1.8685742289412255
