Dataset,,ba_2motif,ba_2motif,ba_2motif,ba_2motif,ba_2motif,ba_2motif,ba_2motif,ba_2motif,mutag,mutag,mutag,mutag,mutag,mutag,mutag,mutag
Metric,,accuracy,auroc,iou,fid+,fid-,unfaithfulness,characterization_score,inference_time,accuracy,auroc,iou,fid+,fid-,unfaithfulness,characterization_score,inference_time
Explainer,Model,,,,,,,,,,,,,,,,
subgraphx,gcn,0.7128000104427338,0.5287499961256981,0.20457937,0.0,0.16,0.0,0.0,2.097688524723053,0.6938048002182269,0.47456925786009024,0.106477596,0.20588235294117646,0.5392156862745098,0.0,0.2846020761245675,2.096032453518288
subgraphx,graphsage,0.7132000118494034,0.5304999950528145,0.21139683,0.0,0.24,0.0,0.0,1.856272428035736,0.6755485070102355,0.4440202046843136,0.06622422,0.13725490196078433,0.5098039215686274,0.0,0.21446078431372553,1.9075862099142635
subgraphx,gat,0.7228000104427338,0.5379999956488609,0.21169049,0.01,0.22,0.0,0.019746835443037975,1.9314932036399841,0.6841557423273722,0.4483548832290313,0.0698718,0.27450980392156865,0.4215686274509804,0.0,0.3723236421005183,2.155364324064816
subgraphx,gin,0.7120000088214874,0.5214999970793724,0.18528572,0.0,0.2,0.0,0.0,1.9979115438461303,0.6716915255083757,0.4373607629654454,0.056774788,0.16666666666666666,0.8137254901960784,0.0,0.17592592592592593,1.9432296986673392
