Dataset,,ba_shapes,ba_shapes,ba_shapes,ba_shapes,ba_shapes,ba_shapes,ba_shapes,ba_shapes
Metric,,accuracy,auroc,iou,fid+,fid-,unfaithfulness,characterization_score,inference_time
Explainer,Model,,,,,,,,
subgraphx,gcn,0.7564251330636796,0.6530278594720931,0.48026267,0.8571428571428571,0.40476190476190477,0.36273227938051733,0.702576112412178,16.488010599499656
subgraphx,graphsage,0.7906939287980398,0.7293372104565302,0.5443311,0.6666666666666666,0.0,0.0004534494309198289,0.8,13.762701829274496
subgraphx,gat,0.7626134582928249,0.6782834593738828,0.4910242,0.7857142857142857,0.38095238095238093,0.26321124019367353,0.6924939467312348,19.56436306522006
subgraphx,gin,0.8376085190545945,0.7592816608292716,0.6582801,0.8571428571428571,0.047619047619047616,0.0808435449593476,0.9022556390977443,14.771699769156319
