Dataset,,ba_shapes,ba_shapes,ba_shapes,ba_shapes,ba_shapes,ba_shapes,ba_shapes,ba_shapes
Metric,,accuracy,auroc,iou,fid+,fid-,unfaithfulness,characterization_score,inference_time
Explainer,Model,,,,,,,,
subgraphx,gcn,0.7793020542178836,0.6717329294908614,0.5165061,0.8809523809523809,0.40476190476190477,0.38719082107057884,0.7104454685099847,17.2001135746638
subgraphx,graphsage,0.8013654549916586,0.729053122656686,0.56575024,0.6666666666666666,0.0,0.0004967947800954183,0.8,15.012351529938835
subgraphx,gat,0.7641446207250867,0.688141392100425,0.48424038,0.8333333333333334,0.38095238095238093,0.2566134749601285,0.7103825136612022,20.81760345186506
subgraphx,gin,0.8565234598659334,0.7684443082128253,0.66232044,0.9047619047619048,0.14285714285714285,0.17631436597959022,0.8803088803088804,13.721554881050473
