Dataset,,tree_cycles,tree_cycles,tree_cycles,tree_cycles,tree_cycles,tree_cycles,tree_cycles,tree_cycles
Metric,,accuracy,auroc,iou,fid+,fid-,unfaithfulness,characterization_score,inference_time
Explainer,Model,,,,,,,,
subgraphx,gcn,0.7451721336160387,0.6943465117897306,0.63920015,0.17142857142857143,0.05714285714285714,0.0,0.29010989010989013,0.1909909452710833
subgraphx,graphsage,0.7305040240287781,0.6873314614806857,0.63669556,0.5142857142857142,0.02857142857142857,0.0,0.6725274725274725,0.166936833517892
subgraphx,gat,0.7722644856997899,0.7113131122929709,0.69931185,0.6,0.02857142857142857,0.0,0.7418181818181817,0.20989187104361398
subgraphx,gin,0.7630725669009345,0.7147536439555032,0.67024744,0.6571428571428571,0.05714285714285714,0.0,0.7744897959183673,0.1643016883305141
