Dataset,,ba_2motif,ba_2motif,ba_2motif,ba_2motif,ba_2motif,ba_2motif,ba_2motif,ba_2motif
Metric,,accuracy,auroc,iou,fid+,fid-,unfaithfulness,characterization_score,inference_time
Explainer,Model,,,,,,,,
subgraphx,gcn,0.7256000107526779,0.5487499940395355,0.241,0.0,0.27,0.0,0.0,1.0269425010681152
subgraphx,graphsage,0.7448000115156174,0.5779999950528145,0.2795119,0.0,0.31,0.0,0.0,0.8060710716247559
subgraphx,gat,0.7108000099658967,0.5259999975562095,0.20268255,0.0,0.25,0.0,0.0,0.9879718160629273
subgraphx,gin,0.6940000087022782,0.501999997496605,0.16989681,0.0,0.15,0.0,0.0,0.8195877122879028
