Dataset,,ba_2motif,ba_2motif,ba_2motif,ba_2motif,ba_2motif,ba_2motif,ba_2motif,ba_2motif
Metric,,accuracy,auroc,iou,fid+,fid-,unfaithfulness,characterization_score,inference_time
Explainer,Model,,,,,,,,
subgraphx,gcn,0.7152000075578689,0.533249996304512,0.2108254,0.0,0.24,0.0,0.0,0.9801108670234681
subgraphx,graphsage,0.7424000060558319,0.5712499967217446,0.27209523,0.0,0.3,0.0,0.0,0.7642576360702514
subgraphx,gat,0.714800009727478,0.5314999946951866,0.2080238,0.0,0.25,0.0,0.0,1.0641137290000915
subgraphx,gin,0.7516000086069107,0.5904999941587448,0.2950516,0.0,0.24,0.0,0.0,0.7909697246551514
