Dataset,,ba_2motif,ba_2motif,ba_2motif,ba_2motif,ba_2motif,ba_2motif,ba_2motif,ba_2motif
Metric,,accuracy,auroc,iou,fid+,fid-,unfaithfulness,characterization_score,inference_time
Explainer,Model,,,,,,,,
subgraphx,gcn,0.7360000103712082,0.5664999940991402,0.26764286,0.0,0.29,0.0,0.0,0.9941410779953003
subgraphx,graphsage,0.7120000088214874,0.5244999960064888,0.19409522,0.0,0.25,0.0,0.0,0.8371455883979797
subgraphx,gat,0.7220000076293945,0.5374999979138374,0.21740475,0.0,0.26,0.0,0.0,1.046181972026825
subgraphx,gin,0.7316000115871429,0.5629999947547912,0.26657143,0.0,0.23,0.0,0.0,0.8478629064559936
