Dataset,,tree_cycles,tree_cycles,tree_cycles,tree_cycles,tree_cycles,tree_cycles,tree_cycles,tree_cycles
Metric,,accuracy,auroc,iou,fid+,fid-,unfaithfulness,characterization_score,inference_time
Explainer,Model,,,,,,,,
subgraphx,gcn,0.7636605871575219,0.7022180812699454,0.6792332,0.2571428571428571,0.02857142857142857,0.0,0.4066445182724252,0.169691378729684
subgraphx,graphsage,0.7486714116164617,0.6981508834021432,0.65424895,0.5714285714285714,0.02857142857142857,0.0,0.7195767195767196,0.1541278430393764
subgraphx,gat,0.7745732877935682,0.7286899438926152,0.68488556,0.5142857142857142,0.0,0.0,0.6792452830188679,0.22126009123665946
subgraphx,gin,0.7730581343173981,0.719294970376151,0.6844155,0.6571428571428571,0.0,0.0,0.793103448275862,0.15223702022007535
