Dataset,,tree_cycles,tree_cycles,tree_cycles,tree_cycles,tree_cycles,tree_cycles,tree_cycles,tree_cycles
Metric,,accuracy,auroc,iou,fid+,fid-,unfaithfulness,characterization_score,inference_time
Explainer,Model,,,,,,,,
subgraphx,gcn,0.7714491895266942,0.7182962094034467,0.6790641,0.2857142857142857,0.0,0.0,0.4444444444444444,0.2080803803035191
subgraphx,graphsage,0.7491548146520343,0.6995279158864702,0.65105134,0.5714285714285714,0.0,0.0,0.7272727272727273,0.14505863189697266
subgraphx,gat,0.7111172993268285,0.6588167201195444,0.6284075,0.5142857142857142,0.05714285714285714,0.0,0.6655462184873949,0.22364444732666017
subgraphx,gin,0.739652652825628,0.6841321225677218,0.6480131,0.6285714285714286,0.05714285714285714,0.0,0.7542857142857143,0.1734999452318464
