Dataset,,tree_cycles,tree_cycles,tree_cycles,tree_cycles,tree_cycles,tree_cycles,tree_cycles,tree_cycles
Metric,,accuracy,auroc,iou,fid+,fid-,unfaithfulness,characterization_score,inference_time
Explainer,Model,,,,,,,,
subgraphx,gcn,0.7346382217747824,0.6908431095736367,0.6296249,0.2,0.05714285714285714,0.0,0.33,0.21087867873055594
subgraphx,graphsage,0.7344470241240093,0.6796227393405778,0.65168923,0.6,0.02857142857142857,0.0,0.7418181818181817,0.17049015590122768
subgraphx,gat,0.747603589296341,0.6994722574949265,0.6621759,0.6285714285714286,0.02857142857142857,0.0,0.7632653061224489,0.21736649785723006
subgraphx,gin,0.7357349012579236,0.694555748786245,0.62870336,0.6285714285714286,0.02857142857142857,0.0,0.7632653061224489,0.15650065285818918
