Dataset,,tree_grid,tree_grid,tree_grid,tree_grid,tree_grid,tree_grid,tree_grid,tree_grid
Metric,,accuracy,auroc,iou,fid+,fid-,unfaithfulness,characterization_score,inference_time
Explainer,Model,,,,,,,,
subgraphx,gcn,0.5061500926744448,0.45887651467976504,0.4403385,0.0684931506849315,0.0273972602739726,0.0,0.12797404470079307,0.22557949366634839
subgraphx,graphsage,0.49699938287065454,0.4695460592230705,0.43700272,0.0684931506849315,0.0,0.0,0.1282051282051282,0.19549940056996803
subgraphx,gat,0.5244113027232967,0.4578963675319332,0.46651918,0.1232876712328767,0.0821917808219178,0.0,0.21737563085796685,0.2751727855368836
subgraphx,gin,0.5257816743360807,0.4406131386552771,0.46969312,0.3150684931506849,0.1232876712328767,0.0,0.46354904739411107,0.19890327649573758
