Dataset,,ba_2motif,ba_2motif,ba_2motif,ba_2motif,ba_2motif,ba_2motif,ba_2motif,ba_2motif
Metric,,accuracy,auroc,iou,fid+,fid-,unfaithfulness,characterization_score,inference_time
Explainer,Model,,,,,,,,
subgraphx,gcn,0.7324000096321106,0.5604999968409539,0.25807142,0.0,0.27,0.0,0.0,1.0087410879135132
subgraphx,graphsage,0.7316000103950501,0.560749993622303,0.25297618,0.0,0.29,0.0,0.0,0.801587598323822
subgraphx,gat,0.713200010061264,0.5312499958276748,0.21072224,0.0,0.24,0.0,0.0,1.073963611125946
subgraphx,gin,0.7388000082969666,0.5622499942779541,0.24525397,0.0,0.2,0.0,0.0,0.8223356795310974
