Dataset,,ba_shapes,ba_shapes,ba_shapes,ba_shapes,ba_shapes,ba_shapes,ba_shapes,ba_shapes
Metric,,accuracy,auroc,iou,fid+,fid-,unfaithfulness,characterization_score,inference_time
Explainer,Model,,,,,,,,
subgraphx,gcn,0.7736166467269262,0.675999104976654,0.5106327,0.8095238095238095,0.35714285714285715,0.37307151908143643,0.7166276346604215,17.66049979981922
subgraphx,graphsage,0.7894589326211384,0.731927521172024,0.5339312,0.6428571428571429,0.0,0.0026610522043137323,0.782608695652174,15.83973807380313
subgraphx,gat,0.7666644908133007,0.6872721931764058,0.5039777,0.7857142857142857,0.35714285714285715,0.25505302225550014,0.7071428571428571,20.978002332505724
subgraphx,gin,0.8342251983426866,0.7500251957348415,0.66039306,0.8571428571428571,0.07142857142857142,0.08477155771369856,0.8914285714285715,15.816607174419222
