Dataset,,ba_shapes,ba_shapes,ba_shapes,ba_shapes,ba_shapes,ba_shapes,ba_shapes,ba_shapes
Metric,,accuracy,auroc,iou,fid+,fid-,unfaithfulness,characterization_score,inference_time
Explainer,Model,,,,,,,,
subgraphx,gcn,0.7844297126645133,0.6866993208726248,0.51506996,0.9285714285714286,0.38095238095238093,0.36380622125718565,0.7428571428571428,18.281334065255663
subgraphx,graphsage,0.7987586288225084,0.7304803651003611,0.5419406,0.6904761904761905,0.0,0.0005110615775698708,0.8169014084507042,14.671715594473339
subgraphx,gat,0.7547560270343509,0.6649217563016074,0.47778898,0.8333333333333334,0.38095238095238093,0.2574445717036724,0.7103825136612022,17.573710742450896
subgraphx,gin,0.8358943079199109,0.7467099123057865,0.6457011,0.9285714285714286,0.07142857142857142,0.13284756065311515,0.9285714285714286,16.747991681098938
