Dataset,,ba_shapes,ba_shapes,ba_shapes,ba_shapes,ba_shapes,ba_shapes,ba_shapes,ba_shapes
Metric,,accuracy,auroc,iou,fid+,fid-,unfaithfulness,characterization_score,inference_time
Explainer,Model,,,,,,,,
subgraphx,gcn,0.7960858004433768,0.7016679573626745,0.54494524,0.8095238095238095,0.3333333333333333,0.3529327637959449,0.7311827956989247,15.770884167580377
subgraphx,graphsage,0.7816837607395082,0.7001808051552091,0.52708805,0.6666666666666666,0.0,0.0025721958705357145,0.8,15.842633394967942
subgraphx,gat,0.7653825339816865,0.6778666547366551,0.51371276,0.8095238095238095,0.3333333333333333,0.2595294981840111,0.7311827956989247,18.674485734530858
subgraphx,gin,0.8260237510715213,0.7537171102705456,0.6480632,0.9285714285714286,0.11904761904761904,0.12794791728598265,0.9041353383458648,14.729128145036244
