Dataset,,ba_shapes,ba_shapes,ba_shapes,ba_shapes,ba_shapes,ba_shapes,ba_shapes,ba_shapes
Metric,,accuracy,auroc,iou,fid+,fid-,unfaithfulness,characterization_score,inference_time
Explainer,Model,,,,,,,,
subgraphx,gcn,0.784221541313898,0.6980998168389002,0.52918905,0.8571428571428571,0.42857142857142855,0.3936145285454889,0.6857142857142856,16.43119490146637
subgraphx,graphsage,0.8123417170274825,0.7382830466542926,0.5775794,0.6666666666666666,0.0,0.0005728318577721005,0.8,15.930761201041085
subgraphx,gat,0.758087036155519,0.6775730628342855,0.4931028,0.8333333333333334,0.2857142857142857,0.2539355403610638,0.7692307692307694,17.934446033977327
subgraphx,gin,0.8290789702108928,0.7524851035504114,0.6465703,0.8809523809523809,0.047619047619047616,0.09981437221900638,0.9152752009894868,16.593670135452633
