Dataset,,tree_cycles,tree_cycles,tree_cycles,tree_cycles,tree_cycles,tree_cycles,tree_cycles,tree_cycles
Metric,,accuracy,auroc,iou,fid+,fid-,unfaithfulness,characterization_score,inference_time
Explainer,Model,,,,,,,,
subgraphx,gcn,0.7886425512177604,0.7347557033811297,0.69468147,0.2571428571428571,0.0,0.0,0.40909090909090906,0.1856630938393729
subgraphx,graphsage,0.7701288436140333,0.7142228211675371,0.68536174,0.5714285714285714,0.0,0.0,0.7272727272727273,0.1654785564967564
subgraphx,gat,0.7744650610855648,0.7248690809522357,0.6794094,0.6285714285714286,0.0,0.0,0.7719298245614036,0.22257503100803921
subgraphx,gin,0.7846490442752838,0.7375839829444886,0.70258296,0.7142857142857143,0.0,0.0,0.8333333333333334,0.140939119883946
