Dataset,,tree_grid,tree_grid,tree_grid,tree_grid,tree_grid,tree_grid,tree_grid,tree_grid
Metric,,accuracy,auroc,iou,fid+,fid-,unfaithfulness,characterization_score,inference_time
Explainer,Model,,,,,,,,
subgraphx,gcn,0.512468561632176,0.4518139430206932,0.44556302,0.0273972602739726,0.0547945205479452,0.0,0.05325101292687633,0.23133288017690998
subgraphx,graphsage,0.5377503263011371,0.46398318574240766,0.4773389,0.0684931506849315,0.0,0.0,0.1282051282051282,0.19153048894176744
subgraphx,gat,0.5289294590076355,0.4613377510072434,0.47077638,0.1506849315068493,0.0547945205479452,0.0,0.25993150684931504,0.2614078717688992
subgraphx,gin,0.5115379339007482,0.4345135679085777,0.45031822,0.2876712328767123,0.1506849315068493,0.0,0.4297738900808714,0.18734751008961298
