Dataset,,tree_cycles,tree_cycles,tree_cycles,tree_cycles,tree_cycles,tree_cycles,tree_cycles,tree_cycles
Metric,,accuracy,auroc,iou,fid+,fid-,unfaithfulness,characterization_score,inference_time
Explainer,Model,,,,,,,,
subgraphx,gcn,0.7362074851989746,0.6891475800956999,0.6467192,0.22857142857142856,0.02857142857142857,0.0,0.3700680272108844,0.21220994676862445
subgraphx,graphsage,0.7913626100335802,0.7352659046649933,0.7040352,0.6857142857142857,0.0,0.0,0.8135593220338984,0.15782341957092286
subgraphx,gat,0.7669325917959213,0.7110987288611276,0.6740909,0.6,0.0,0.0,0.7499999999999999,0.2501667703901018
subgraphx,gin,0.7344578472631318,0.6822469445211546,0.6476809,0.6857142857142857,0.05714285714285714,0.0,0.7939849624060151,0.1581301348549979
