Dataset,,ba_2motif,ba_2motif,ba_2motif,ba_2motif,ba_2motif,ba_2motif,ba_2motif,ba_2motif,mutag,mutag,mutag,mutag,mutag,mutag,mutag,mutag
Metric,,accuracy,auroc,iou,fid+,fid-,unfaithfulness,characterization_score,inference_time,accuracy,auroc,iou,fid+,fid-,unfaithfulness,characterization_score,inference_time
Explainer,Model,,,,,,,,,,,,,,,,
subgraphx,gcn,0.7028000086545945,0.5149999964237213,0.1826984,0.0,0.14,0.0,0.0,2.109810836315155,0.680953807982744,0.45372172079834283,0.08130748,0.1568627450980392,0.5,0.0,0.23880597014925373,2.0514967324686983
subgraphx,graphsage,0.7172000056505203,0.5374999991059304,0.22332144,0.0,0.22,0.0,0.0,1.8490055084228516,0.6930075544936984,0.4632265906707913,0.088524245,0.12745098039215685,0.47058823529411764,0.0,0.2054433713784021,1.8956843988568175
subgraphx,gat,0.7112000101804733,0.5307499954104423,0.2140238,0.01,0.23,0.0,0.019743589743589744,2.34872588634491,0.6806665293726266,0.44929156087192834,0.075117044,0.2647058823529412,0.47058823529411764,0.0,0.35294117647058826,2.2462199388765822
subgraphx,gin,0.7272000080347061,0.5512499952316284,0.2437381,0.0,0.27,0.0,0.0,1.9421026587486268,0.6707492707406774,0.43564051126732545,0.054928105,0.1568627450980392,0.8725490196078431,0.0,0.14063556457065585,1.9003735476849126
